Doc Num,Doc Type,Cat,Cat Label,Filed,Owner,Grantee,Amount,Prop Address,Prop City,Prop State,Prop Zip,Mail Address,Mail City,Mail State,Mail Zip,Legal,Clerk Url,Score,Flags,Date Entered System,Status
2025CA002067A000BA,FORECLOSURE SALE,FC,Foreclosure Auction (Sale 11/06/2026),2026-11-06,WOODS DARIN L,,201197.32,2605 SUNSET PLACE DR,Lake Wales,FL,33898,2605 SUNSET PLACE DR,Lake Wales,FL,33898,"Auction 11/06/2026 | Parcel 283006940801000140 | Assessed $194,605.00 Plaintiff Max Bid: Hidden &nbsp;",https://polk.realforeclose.com/index.cfm?zaction=AUCTION&Zmethod=PREVIEW&AUCTIONDATE=11/06/2026,75,FORECLOSURE|HIGH_AMOUNT|NEW_THIS_WEEK|HAS_ADDRESS,2026-10-09,NEW
2025CA002681A000BA,FORECLOSURE SALE,FC,Foreclosure Auction (Sale 11/06/2026),2026-11-06,LITTLE BLOODHOUND PRE SCHOOL I,,749035.51,222 ARIANNA AVE,Auburndale,FL,33823,PO BOX 1994,Auburndale,FL,33823,"Auction 11/06/2026 | Parcel 252810329300000233 | Assessed $468,835.00 Plaintiff Max Bid: Hidden &nbsp;",https://polk.realforeclose.com/index.cfm?zaction=AUCTION&Zmethod=PREVIEW&AUCTIONDATE=11/06/2026,75,FORECLOSURE|HIGH_AMOUNT|NEW_THIS_WEEK|HAS_ADDRESS,2026-10-09,NEW
2025CA003055A000BA,FORECLOSURE SALE,FC,Foreclosure Auction (Sale 11/06/2026),2026-11-06,MORGAN MICHAEL,,461298.57,433 BULLARD AVE E,Lake Wales,FL,33853,433 E BULLARD AVE,Lake Wales,FL,33853,"Auction 11/06/2026 | Parcel 273001883000044170 | Assessed $221,483.00 Plaintiff Max Bid: Hidden &nbsp;",https://polk.realforeclose.com/index.cfm?zaction=AUCTION&Zmethod=PREVIEW&AUCTIONDATE=11/06/2026,75,FORECLOSURE|HIGH_AMOUNT|NEW_THIS_WEEK|HAS_ADDRESS,2026-10-09,NEW
2025CA003266A000BA,FORECLOSURE SALE,FC,Foreclosure Auction (Sale 11/06/2026),2026-11-06,POLANCO RUBELQUI RAFAEL PERALT,,410108.63,1290 NORMANDY DR,Haines City,FL,33844,1290 NORMANDY DR,Haines City,FL,33844,"Auction 11/06/2026 | Parcel 272734810537000190 | Assessed $300,047.00 Plaintiff Max Bid: Hidden &nbsp;",https://polk.realforeclose.com/index.cfm?zaction=AUCTION&Zmethod=PREVIEW&AUCTIONDATE=11/06/2026,75,FORECLOSURE|HIGH_AMOUNT|NEW_THIS_WEEK|HAS_ADDRESS,2026-10-09,NEW
2025CA003482A000BA,FORECLOSURE SALE,FC,Foreclosure Auction (Sale 11/06/2026),2026-11-06,CENTENO LUIS R RIVAS,,153897.72,1031 WOODLAND AVE,Lakeland,FL,33801,1031 WOODLAND AVE,Lakeland,FL,33801,"Auction 11/06/2026 | Parcel 242810178300003150 | Assessed $98,562.00 Plaintiff Max Bid: Hidden &nbsp;",https://polk.realforeclose.com/index.cfm?zaction=AUCTION&Zmethod=PREVIEW&AUCTIONDATE=11/06/2026,75,FORECLOSURE|HIGH_AMOUNT|NEW_THIS_WEEK|HAS_ADDRESS,2026-10-09,NEW
2025CA003974A000BA,FORECLOSURE SALE,FC,Foreclosure Auction (Sale 11/06/2026),2026-11-06,HARRIS DONNA,,386336.61,1159 MOUNTAIN FLOWER LN,Davenport,FL,33837,1159 MOUNTAIN FLOWER LN,Davenport,FL,33837,"Auction 11/06/2026 | Parcel 272709729510000070 | Assessed $288,493.00 Plaintiff Max Bid: Hidden &nbsp;",https://polk.realforeclose.com/index.cfm?zaction=AUCTION&Zmethod=PREVIEW&AUCTIONDATE=11/06/2026,75,FORECLOSURE|HIGH_AMOUNT|NEW_THIS_WEEK|HAS_ADDRESS,2026-10-09,NEW
2025CA004068A000BA,FORECLOSURE SALE,FC,Foreclosure Auction (Sale 11/06/2026),2026-11-06,PRIMIER CAPITAL LLC,,286159.55,618 HONEY BELL RD,Winter Haven,FL,33880,2770 RAINDROP RUN ST,Clermont,FL,34714,"Auction 11/06/2026 | Parcel 262917689923002950 | Assessed $212,958.00 Plaintiff Max Bid: Hidden &nbsp;",https://polk.realforeclose.com/index.cfm?zaction=AUCTION&Zmethod=PREVIEW&AUCTIONDATE=11/06/2026,75,FORECLOSURE|HIGH_AMOUNT|NEW_THIS_WEEK|HAS_ADDRESS,2026-10-09,NEW
2025CA004406A000BA,FORECLOSURE SALE,FC,Foreclosure Auction (Sale 11/06/2026),2026-11-06,LAMBERT STEVE A,,276481.96,1812 16TH ST NW,Winter Haven,FL,33881,1812 16TH ST NW,Winter Haven,FL,33881,"Auction 11/06/2026 | Parcel 262818551000006280 | Assessed $166,300.00 Plaintiff Max Bid: Hidden &nbsp;",https://polk.realforeclose.com/index.cfm?zaction=AUCTION&Zmethod=PREVIEW&AUCTIONDATE=11/06/2026,75,FORECLOSURE|HIGH_AMOUNT|NEW_THIS_WEEK|HAS_ADDRESS,2026-10-09,NEW
2025CA005440A000BA,FORECLOSURE SALE,FC,Foreclosure Auction (Sale 11/06/2026),2026-11-06,AYSCUE BRAD,,381238.84,4722 HARTS BROOK LN,Mulberry,FL,33860,4722 HARTS BROOK LN,Mulberry,FL,33860,"Auction 11/06/2026 | Parcel 232932142247000800 | Assessed $253,385.00 Plaintiff Max Bid: Hidden &nbsp;",https://polk.realforeclose.com/index.cfm?zaction=AUCTION&Zmethod=PREVIEW&AUCTIONDATE=11/06/2026,75,FORECLOSURE|HIGH_AMOUNT|NEW_THIS_WEEK|HAS_ADDRESS,2026-10-09,NEW
2026CA001068A000BA,FORECLOSURE SALE,FC,Foreclosure Auction (Sale 11/06/2026),2026-11-06,ARIAS HAILYN MARIE CARMONA,,326327.49,3606 MAYFAIR ST,Kissimmee,FL,34758,3606 MAYFAIR ST,Kissimmee,FL,34758,"Auction 11/06/2026 | Parcel 282716933614001880 | Assessed $237,000.00 Plaintiff Max Bid: Hidden &nbsp;",https://polk.realforeclose.com/index.cfm?zaction=AUCTION&Zmethod=PREVIEW&AUCTIONDATE=11/06/2026,75,FORECLOSURE|HIGH_AMOUNT|NEW_THIS_WEEK|HAS_ADDRESS,2026-10-09,NEW
2026CA001141A000BA,FORECLOSURE SALE,FC,Foreclosure Auction (Sale 11/06/2026),2026-11-06,ONESOURCE IMPROVEMENT SERVICES,,139432.16,405 ORANGE AVE,S Bartow,FL,33830,2645 EAGLE CANYON DR N,Kissimmee,FL,34746,"Auction 11/06/2026 | Parcel 253005379000001110 | Assessed $210,521.00 Plaintiff Max Bid: Hidden &nbsp;",https://polk.realforeclose.com/index.cfm?zaction=AUCTION&Zmethod=PREVIEW&AUCTIONDATE=11/06/2026,75,FORECLOSURE|HIGH_AMOUNT|NEW_THIS_WEEK|HAS_ADDRESS,2026-10-09,NEW
2026CC001484A000BA,FORECLOSURE SALE,FC,Foreclosure Auction (Sale 11/06/2026),2026-11-06,PENA CARMEN ADEL,,13050.79,167 COUNTRY WALK CIR,Davenport,FL,33837,167 COUNTRY WALK CIR,Davenport,FL,33837,"Auction 11/06/2026 | Parcel 272619705008000300 | Assessed $161,510.00 Plaintiff Max Bid: Hidden &nbsp;",https://polk.realforeclose.com/index.cfm?zaction=AUCTION&Zmethod=PREVIEW&AUCTIONDATE=11/06/2026,60,FORECLOSURE|NEW_THIS_WEEK|HAS_ADDRESS,2026-10-09,NEW
2025CA000614000000,FORECLOSURE SALE,FC,Foreclosure Auction (Sale 10/09/2026),2026-10-09,PATE JUDY D ESTATE OF,,246584.18,4417 COUNTRY TRAILS DR,Polk City,FL,33868,4417 COUNTRY TRAILS DR,Polk City,FL,33868,"Auction 10/09/2026 | Parcel 242701160951000370 | Assessed $268,247.00 Plaintiff Max Bid: Hidden &nbsp;",https://polk.realforeclose.com/index.cfm?zaction=AUCTION&Zmethod=PREVIEW&AUCTIONDATE=10/09/2026,75,FORECLOSURE|HIGH_AMOUNT|NEW_THIS_WEEK|HAS_ADDRESS,2026-09-24,EXISTING
2022CA002324000000,FORECLOSURE SALE,FC,Foreclosure Auction (Sale 10/09/2026),2026-10-09,RAGBIR SASHA,,441356.82,389 BRUNSWICK DR,Davenport,FL,33837,389 BRUNSWICK DR,Davenport,FL,33837,"Auction 10/09/2026 | Parcel 282607932851000250 | Assessed $262,351.00 Plaintiff Max Bid: Hidden &nbsp;",https://polk.realforeclose.com/index.cfm?zaction=AUCTION&Zmethod=PREVIEW&AUCTIONDATE=10/09/2026,75,FORECLOSURE|HIGH_AMOUNT|NEW_THIS_WEEK|HAS_ADDRESS,2026-09-24,EXISTING
2022CA001326000000,FORECLOSURE SALE,FC,Foreclosure Auction (Sale 10/12/2026),2026-10-12,BRINKLEY GEORGE E,,181233.98,2175 MONTICELLO AVE,Lakeland,FL,33801,2175 MONTICELLO AVE,Lakeland,FL,33801,"Auction 10/12/2026 | Parcel 242821239300002140 | Assessed $95,208.00 Plaintiff Max Bid: Hidden &nbsp;",https://polk.realforeclose.com/index.cfm?zaction=AUCTION&Zmethod=PREVIEW&AUCTIONDATE=10/12/2026,75,FORECLOSURE|HIGH_AMOUNT|NEW_THIS_WEEK|HAS_ADDRESS,2026-09-24,EXISTING
2025CA003272A000BA,FORECLOSURE SALE,FC,Foreclosure Auction (Sale 10/12/2026),2026-10-12,ALONSO MARIA ANTONIA MARTINEZ,,197207.37,215 SANTA ROSA DR,Winter Haven,FL,33884,215 SANTA ROSA DR,Winter Haven,FL,33884,"Auction 10/12/2026 | Parcel 262835662926000680 | Assessed $230,281.00 Plaintiff Max Bid: Hidden &nbsp;",https://polk.realforeclose.com/index.cfm?zaction=AUCTION&Zmethod=PREVIEW&AUCTIONDATE=10/12/2026,75,FORECLOSURE|HIGH_AMOUNT|NEW_THIS_WEEK|HAS_ADDRESS,2026-09-24,EXISTING
2025CA003327A000BA,FORECLOSURE SALE,FC,Foreclosure Auction (Sale 10/12/2026),2026-10-12,MCCAIN BRITNI S,,242096.76,4710 JOYCE DR,Lakeland,FL,33805,4710 JOYCE DR,Lakeland,FL,33805,"Auction 10/12/2026 | Parcel 242729161910000370 | Assessed $178,316.00 Plaintiff Max Bid: Hidden &nbsp;",https://polk.realforeclose.com/index.cfm?zaction=AUCTION&Zmethod=PREVIEW&AUCTIONDATE=10/12/2026,75,FORECLOSURE|HIGH_AMOUNT|NEW_THIS_WEEK|HAS_ADDRESS,2026-09-24,EXISTING
2025CA003961A000BA,FORECLOSURE SALE,FC,Foreclosure Auction (Sale 10/12/2026),2026-10-12,BOYD DONNA K ESTATE OF,,206015.56,4204 DORNOCH DR,Lake Wales,FL,33859,1075 DEER TRAIL RD,Montrose,FL,81401,"Auction 10/12/2026 | Parcel 272918865152000490 | Assessed $280,458.00 Plaintiff Max Bid: Hidden &nbsp;",https://polk.realforeclose.com/index.cfm?zaction=AUCTION&Zmethod=PREVIEW&AUCTIONDATE=10/12/2026,75,FORECLOSURE|HIGH_AMOUNT|NEW_THIS_WEEK|HAS_ADDRESS,2026-09-24,EXISTING
2025CA004359A000BA,FORECLOSURE SALE,FC,Foreclosure Auction (Sale 10/12/2026),2026-10-12,BRIZARD DANIEL,,386788.82,114 LANGHAM DR,Davenport,FL,33897,114 LANGHAM DR,Davenport,FL,33897,"Auction 10/12/2026 | Parcel 262524488066041400 | Assessed $347,452.00 Plaintiff Max Bid: Hidden &nbsp;",https://polk.realforeclose.com/index.cfm?zaction=AUCTION&Zmethod=PREVIEW&AUCTIONDATE=10/12/2026,75,FORECLOSURE|HIGH_AMOUNT|NEW_THIS_WEEK|HAS_ADDRESS,2026-09-24,EXISTING
2025CA004653A000BA,FORECLOSURE SALE,FC,Foreclosure Auction (Sale 10/12/2026),2026-10-12,B & K NATIONWIDE ENTERPRISES I,,409403.65,642 DR J A WILTSHIRE AVE W,Lake Wales,FL,33853,4591 TRIBUTE TRL,Kissimmee,FL,34746,"Auction 10/12/2026 | Parcel 272934873000004080 | Assessed $12,157.00 Plaintiff Max Bid: Hidden &nbsp;",https://polk.realforeclose.com/index.cfm?zaction=AUCTION&Zmethod=PREVIEW&AUCTIONDATE=10/12/2026,75,FORECLOSURE|HIGH_AMOUNT|NEW_THIS_WEEK|HAS_ADDRESS,2026-09-24,EXISTING
2025CA005109A000BA,FORECLOSURE SALE,FC,Foreclosure Auction (Sale 10/12/2026),2026-10-12,PRUITT JONATHAN N,,192766.0,6135 GRAND OAKS DR SE,Winter Haven,FL,33884,6135 GRAND OAKS DR SE,Winter Haven,FL,33884,"Auction 10/12/2026 | Parcel 272906855564001680 | Assessed $145,040.00 Plaintiff Max Bid: Hidden &nbsp;",https://polk.realforeclose.com/index.cfm?zaction=AUCTION&Zmethod=PREVIEW&AUCTIONDATE=10/12/2026,75,FORECLOSURE|HIGH_AMOUNT|NEW_THIS_WEEK|HAS_ADDRESS,2026-09-24,EXISTING
2025CA005377A000BA,FORECLOSURE SALE,FC,Foreclosure Auction (Sale 10/12/2026),2026-10-12,SANTIAGO IRVINE JOHN JR,,393836.9,312 GINA LN,Davenport,FL,33837,312 GINA LN,Davenport,FL,33837,"Auction 10/12/2026 | Parcel 272634710501002840 | Assessed $307,747.00 Plaintiff Max Bid: Hidden &nbsp;",https://polk.realforeclose.com/index.cfm?zaction=AUCTION&Zmethod=PREVIEW&AUCTIONDATE=10/12/2026,75,FORECLOSURE|HIGH_AMOUNT|NEW_THIS_WEEK|HAS_ADDRESS,2026-09-24,EXISTING
2026CA000541A000BA,FORECLOSURE SALE,FC,Foreclosure Auction (Sale 10/12/2026),2026-10-12,MILLER COREY LADONTE,,123924.62,5850 CYPRESS GARDENS BLVD SE,Winter Haven,FL,33884,PO BOX 9635,Jacksonville,FL,32208,"Auction 10/12/2026 | Parcel 262902663670003040 | Assessed $106,148.00 Plaintiff Max Bid: Hidden &nbsp;",https://polk.realforeclose.com/index.cfm?zaction=AUCTION&Zmethod=PREVIEW&AUCTIONDATE=10/12/2026,75,FORECLOSURE|HIGH_AMOUNT|NEW_THIS_WEEK|HAS_ADDRESS,2026-09-24,EXISTING
2026CA000673A000BA,FORECLOSURE SALE,FC,Foreclosure Auction (Sale 10/12/2026),2026-10-12,LESHLEY BENJAMIN,,436826.2,4316 CARRABELLE RIVER LN,Lakeland,FL,33811,4316 CARRABELLE RIVER LN,Lakeland,FL,33811,"Auction 10/12/2026 | Parcel 232917141624003100 | Assessed $294,854.00 Plaintiff Max Bid: Hidden &nbsp;",https://polk.realforeclose.com/index.cfm?zaction=AUCTION&Zmethod=PREVIEW&AUCTIONDATE=10/12/2026,75,FORECLOSURE|HIGH_AMOUNT|NEW_THIS_WEEK|HAS_ADDRESS,2026-09-24,EXISTING
2025CA001864A000BA,FORECLOSURE SALE,FC,Foreclosure Auction (Sale 10/12/2026),2026-10-12,BRUMMITT JASON,,105848.64,4914 SHADYGLEN DR,Lakeland,FL,33810,4914 SHADYGLEN DR,Lakeland,FL,33810,"Auction 10/12/2026 | Parcel 232728011011000300 | Assessed $165,446.00 Plaintiff Max Bid: Hidden &nbsp;",https://polk.realforeclose.com/index.cfm?zaction=AUCTION&Zmethod=PREVIEW&AUCTIONDATE=10/12/2026,75,FORECLOSURE|HIGH_AMOUNT|NEW_THIS_WEEK|HAS_ADDRESS,2026-09-24,EXISTING
2025CA002912A000BA,FORECLOSURE SALE,FC,Foreclosure Auction (Sale 10/13/2026),2026-10-13,SUAREZ NEFTALI DE LA CRUZ,,267305.49,140 WILLOW DR,Poinciana,FL,34759,140 WILLOW DR,Poinciana,FL,34759,"Auction 10/13/2026 | Parcel 282810935240832090 | Assessed $273,648.00 Plaintiff Max Bid: Hidden &nbsp;",https://polk.realforeclose.com/index.cfm?zaction=AUCTION&Zmethod=PREVIEW&AUCTIONDATE=10/13/2026,75,FORECLOSURE|HIGH_AMOUNT|NEW_THIS_WEEK|HAS_ADDRESS,2026-09-24,EXISTING
2025CA003036A000BA,FORECLOSURE SALE,FC,Foreclosure Auction (Sale 10/13/2026),2026-10-13,MARTINEZ RAQUEL,,131690.58,3008 MAPLEWOOD AVE,Lakeland,FL,33803,3008 MAPLEWOOD AVE,Lakeland,FL,33803,"Auction 10/13/2026 | Parcel 242832263300004021 | Assessed $128,806.00 Plaintiff Max Bid: Hidden &nbsp;",https://polk.realforeclose.com/index.cfm?zaction=AUCTION&Zmethod=PREVIEW&AUCTIONDATE=10/13/2026,75,FORECLOSURE|HIGH_AMOUNT|NEW_THIS_WEEK|HAS_ADDRESS,2026-09-24,EXISTING
2026CA000759A000BA,FORECLOSURE SALE,FC,Foreclosure Auction (Sale 10/13/2026),2026-10-13,EVANS JAMES CHARLES,,145443.51,2335 JUNGLE ST,Lakeland,FL,33801,2335 JUNGLE ST,Lakeland,FL,33801,"Auction 10/13/2026 | Parcel 242809175500031004 | Assessed $210,830.00 Plaintiff Max Bid: Hidden &nbsp;",https://polk.realforeclose.com/index.cfm?zaction=AUCTION&Zmethod=PREVIEW&AUCTIONDATE=10/13/2026,75,FORECLOSURE|HIGH_AMOUNT|NEW_THIS_WEEK|HAS_ADDRESS,2026-09-24,EXISTING
2026CA001832A000BA,FORECLOSURE SALE,FC,Foreclosure Auction (Sale 10/13/2026),2026-10-13,HOME SOLUTIONS EXPRESS LLC,,164937.06,402 E BROADWAY,Fort Meade,FL,33841,402 E BROADWAY ST STE 1C,Fort Meade,FL,33841,"Auction 10/13/2026 | Parcel 253127450000000100 | Assessed $121,833.00 Plaintiff Max Bid: Hidden &nbsp;",https://polk.realforeclose.com/index.cfm?zaction=AUCTION&Zmethod=PREVIEW&AUCTIONDATE=10/13/2026,75,FORECLOSURE|HIGH_AMOUNT|NEW_THIS_WEEK|HAS_ADDRESS,2026-09-24,EXISTING
2023CA006316000000,FORECLOSURE SALE,FC,Foreclosure Auction (Sale 10/15/2026),2026-10-15,NEESE LINDA BEGLEY,,251922.25,4646 BRIDLE PATH DR,Lakeland,FL,33810,4646 BRIDLE PATH DR,Lakeland,FL,33810,"Auction 10/15/2026 | Parcel 232730011410000341 | Assessed $35,371.00 Plaintiff Max Bid: Hidden &nbsp;",https://polk.realforeclose.com/index.cfm?zaction=AUCTION&Zmethod=PREVIEW&AUCTIONDATE=10/15/2026,75,FORECLOSURE|HIGH_AMOUNT|NEW_THIS_WEEK|HAS_ADDRESS,2026-09-24,EXISTING
2025CA003904A000BA,FORECLOSURE SALE,FC,Foreclosure Auction (Sale 10/15/2026),2026-10-15,BLACKBURN LYNNE ANN,,402113.26,636 BOARDWALK AVE,Haines City,FL,33844,636 BOARDWALK AVE,Haines City,FL,33844,"Auction 10/15/2026 | Parcel 272727759002000830 | Assessed $258,889.00 Plaintiff Max Bid: Hidden &nbsp;",https://polk.realforeclose.com/index.cfm?zaction=AUCTION&Zmethod=PREVIEW&AUCTIONDATE=10/15/2026,75,FORECLOSURE|HIGH_AMOUNT|NEW_THIS_WEEK|HAS_ADDRESS,2026-09-24,EXISTING
2025CA004854A000BA,FORECLOSURE SALE,FC,Foreclosure Auction (Sale 10/15/2026),2026-10-15,ELOI EDGARD SAINT,,321726.25,339 DRUM CT,Poinciana,FL,34759,339 DRUM CT,Poinciana,FL,34759,"Auction 10/15/2026 | Parcel 282802934710130220 | Assessed $252,614.00 Plaintiff Max Bid: Hidden &nbsp;",https://polk.realforeclose.com/index.cfm?zaction=AUCTION&Zmethod=PREVIEW&AUCTIONDATE=10/15/2026,75,FORECLOSURE|HIGH_AMOUNT|NEW_THIS_WEEK|HAS_ADDRESS,2026-09-24,EXISTING
2025CA005526A000BA,FORECLOSURE SALE,FC,Foreclosure Auction (Sale 10/15/2026),2026-10-15,WALTERS ANJAUNE,,276772.59,214 HYACINTH CT,Poinciana,FL,34759,350 HAWTHORNE HILLS PL APT 202,Orlando,FL,32835,"Auction 10/15/2026 | Parcel 282810935240812080 | Assessed $205,526.00 Plaintiff Max Bid: Hidden &nbsp;",https://polk.realforeclose.com/index.cfm?zaction=AUCTION&Zmethod=PREVIEW&AUCTIONDATE=10/15/2026,75,FORECLOSURE|HIGH_AMOUNT|NEW_THIS_WEEK|HAS_ADDRESS,2026-09-24,EXISTING
2024CA003096000000,FORECLOSURE SALE,FC,Foreclosure Auction (Sale 10/15/2026),2026-10-15,MAGDANZ DYLAN,,219468.77,2318 MAPLE HILL DR,Lakeland,FL,33811,2318 MAPLE HILL DR,Lakeland,FL,33811,"Auction 10/15/2026 | Parcel 232910000000012160 | Assessed $287,273.00 Plaintiff Max Bid: Hidden &nbsp;",https://polk.realforeclose.com/index.cfm?zaction=AUCTION&Zmethod=PREVIEW&AUCTIONDATE=10/15/2026,75,FORECLOSURE|HIGH_AMOUNT|NEW_THIS_WEEK|HAS_ADDRESS,2026-09-24,EXISTING
2022CA002957000000,FORECLOSURE SALE,FC,Foreclosure Auction (Sale 10/16/2026),2026-10-16,VELAZQUEZ SONIA I,,221828.89,316 ANDALUSIA LOOP,Davenport,FL,33837,316 ANDALUSIA LOOP,Davenport,FL,33837,"Auction 10/16/2026 | Parcel 272704725006000740 | Assessed $294,484.00 Plaintiff Max Bid: Hidden &nbsp;",https://polk.realforeclose.com/index.cfm?zaction=AUCTION&Zmethod=PREVIEW&AUCTIONDATE=10/16/2026,75,FORECLOSURE|HIGH_AMOUNT|NEW_THIS_WEEK|HAS_ADDRESS,2026-09-26,EXISTING
2026CA001744A000BA,FORECLOSURE SALE,FC,Foreclosure Auction (Sale 10/16/2026),2026-10-16,NEWSOME THOMAS E,,367801.64,338 SEMINOLE AVE E,Lake Wales,FL,33853,338 E SEMINOLE AVE,Lake Wales,FL,33853,"Auction 10/16/2026 | Parcel 273001883000017042 | Assessed $56,255.00 Plaintiff Max Bid: Hidden &nbsp;",https://polk.realforeclose.com/index.cfm?zaction=AUCTION&Zmethod=PREVIEW&AUCTIONDATE=10/16/2026,75,FORECLOSURE|HIGH_AMOUNT|NEW_THIS_WEEK|HAS_ADDRESS,2026-09-26,EXISTING
2025CA001576A000BA,FORECLOSURE SALE,FC,Foreclosure Auction (Sale 10/20/2026),2026-10-20,GONZALEZ ROBERT ESTATE OF,,277937.31,4205 GLENOAK DR,N Lakeland,FL,33810,4205 GLENOAK DR N,Lakeland,FL,33810,"Auction 10/20/2026 | Parcel 232731011500000715 | Assessed $184,325.00 Plaintiff Max Bid: Hidden &nbsp;",https://polk.realforeclose.com/index.cfm?zaction=AUCTION&Zmethod=PREVIEW&AUCTIONDATE=10/20/2026,75,FORECLOSURE|HIGH_AMOUNT|NEW_THIS_WEEK|HAS_ADDRESS,2026-09-26,EXISTING
2025CA001876A000BA,FORECLOSURE SALE,FC,Foreclosure Auction (Sale 10/20/2026),2026-10-20,GILES JAMES JONATHAN,,256968.25,3350 CROSS FOX DR,Mulberry,FL,33860,3350 CROSS FOX DR,Mulberry,FL,33860,"Auction 10/20/2026 | Parcel 232927142000000520 | Assessed $262,794.00 Plaintiff Max Bid: Hidden &nbsp;",https://polk.realforeclose.com/index.cfm?zaction=AUCTION&Zmethod=PREVIEW&AUCTIONDATE=10/20/2026,75,FORECLOSURE|HIGH_AMOUNT|NEW_THIS_WEEK|HAS_ADDRESS,2026-09-26,EXISTING
2025CA002131A000BA,FORECLOSURE SALE,FC,Foreclosure Auction (Sale 10/20/2026),2026-10-20,PERKINS TIFFANY M,,164692.34,4 SUGAR PINE LOOP,Lake Wales,FL,33898,4 SUGAR PINE LOOP,Lake Wales,FL,33898,"Auction 10/20/2026 | Parcel 293017992700000040 | Assessed $134,902.00 Plaintiff Max Bid: Hidden &nbsp;",https://polk.realforeclose.com/index.cfm?zaction=AUCTION&Zmethod=PREVIEW&AUCTIONDATE=10/20/2026,75,FORECLOSURE|HIGH_AMOUNT|NEW_THIS_WEEK|HAS_ADDRESS,2026-09-26,EXISTING
2025CA003345A000BA,FORECLOSURE SALE,FC,Foreclosure Auction (Sale 10/20/2026),2026-10-20,PRAY JASMINE,,179799.01,1123 WALNUT ST,W Lakeland,FL,33815,1123 W WALNUT ST,Lakeland,FL,33815,"Auction 10/20/2026 | Parcel 232824113000008160 | Assessed $243,968.00 Plaintiff Max Bid: Hidden &nbsp;",https://polk.realforeclose.com/index.cfm?zaction=AUCTION&Zmethod=PREVIEW&AUCTIONDATE=10/20/2026,75,FORECLOSURE|HIGH_AMOUNT|NEW_THIS_WEEK|HAS_ADDRESS,2026-09-26,EXISTING
2025CA003513A000BA,FORECLOSURE SALE,FC,Foreclosure Auction (Sale 10/20/2026),2026-10-20,LA FORGIA DIANE ELIZABETH,,384995.88,1008 CASTERTON CIR,Davenport,FL,33897,202 VERONA PL,Davenport,FL,33897,"Auction 10/20/2026 | Parcel 262524488066020500 | Assessed $301,638.00 Plaintiff Max Bid: Hidden &nbsp;",https://polk.realforeclose.com/index.cfm?zaction=AUCTION&Zmethod=PREVIEW&AUCTIONDATE=10/20/2026,75,FORECLOSURE|HIGH_AMOUNT|NEW_THIS_WEEK|HAS_ADDRESS,2026-09-26,EXISTING
2025CA004607A000BA,FORECLOSURE SALE,FC,Foreclosure Auction (Sale 10/20/2026),2026-10-20,BENTLEY MICHELLE M,,215055.26,1231 ALAFIA WAY,Poinciana,FL,34759,1231 ALAFIA WAY,Poinciana,FL,34759,"Auction 10/20/2026 | Parcel 282733934460499150 | Assessed $166,730.00 Plaintiff Max Bid: Hidden &nbsp;",https://polk.realforeclose.com/index.cfm?zaction=AUCTION&Zmethod=PREVIEW&AUCTIONDATE=10/20/2026,75,FORECLOSURE|HIGH_AMOUNT|NEW_THIS_WEEK|HAS_ADDRESS,2026-09-26,EXISTING
2025CA004916A000BA,FORECLOSURE SALE,FC,Foreclosure Auction (Sale 10/20/2026),2026-10-20,GARCED JALLISSA MARIAH,,377833.24,2519 DRIFTWOOD ST,Auburndale,FL,33823,1736 RED LOOP,Lakeland,FL,33801,"Auction 10/20/2026 | Parcel 252801307626001260 | Assessed $268,281.00 Plaintiff Max Bid: Hidden &nbsp;",https://polk.realforeclose.com/index.cfm?zaction=AUCTION&Zmethod=PREVIEW&AUCTIONDATE=10/20/2026,75,FORECLOSURE|HIGH_AMOUNT|NEW_THIS_WEEK|HAS_ADDRESS,2026-09-26,EXISTING
2026CA000013A000BA,FORECLOSURE SALE,FC,Foreclosure Auction (Sale 10/20/2026),2026-10-20,RIOS MANUEL ANTONIO GONZALEZ,,514632.13,111 DURANGO LOOP,Davenport,FL,33897,1516 OAKDALE RD,Johnson City,FL,13790,"Auction 10/20/2026 | Parcel 262523488058001290 | Assessed $349,098.00 Plaintiff Max Bid: Hidden &nbsp;",https://polk.realforeclose.com/index.cfm?zaction=AUCTION&Zmethod=PREVIEW&AUCTIONDATE=10/20/2026,75,FORECLOSURE|HIGH_AMOUNT|NEW_THIS_WEEK|HAS_ADDRESS,2026-09-26,EXISTING
2026CA001569A000BA,FORECLOSURE SALE,FC,Foreclosure Auction (Sale 10/20/2026),2026-10-20,GRAY LATOYA MONIQUE,,286664.78,1038 SUFFRAGETTE CIR,Haines City,FL,33844,1038 SUFFRAGETTE CIR,Haines City,FL,33844,"Auction 10/20/2026 | Parcel 272716740504001670 | Assessed $216,009.00 Plaintiff Max Bid: Hidden &nbsp;",https://polk.realforeclose.com/index.cfm?zaction=AUCTION&Zmethod=PREVIEW&AUCTIONDATE=10/20/2026,75,FORECLOSURE|HIGH_AMOUNT|NEW_THIS_WEEK|HAS_ADDRESS,2026-09-26,EXISTING
2026CA001608A000BA,FORECLOSURE SALE,FC,Foreclosure Auction (Sale 10/20/2026),2026-10-20,FEBUS ARTURO GUADALUPE,,233623.11,608 MEADOW BEND DR,Davenport,FL,33837,608 MEADOW BEND DR,Davenport,FL,33837,"Auction 10/20/2026 | Parcel 272612703507000510 | Assessed $227,013.00 Plaintiff Max Bid: Hidden &nbsp;",https://polk.realforeclose.com/index.cfm?zaction=AUCTION&Zmethod=PREVIEW&AUCTIONDATE=10/20/2026,75,FORECLOSURE|HIGH_AMOUNT|NEW_THIS_WEEK|HAS_ADDRESS,2026-09-26,EXISTING
2026CA001716A000BA,FORECLOSURE SALE,FC,Foreclosure Auction (Sale 10/20/2026),2026-10-20,GILLIAM CHERYL,,356333.85,736 SPICEWOOD DR,Lakeland,FL,33801,736 SPICEWOOD DR,Lakeland,FL,33801,"Auction 10/20/2026 | Parcel 242821241331000190 | Assessed $228,599.00 Plaintiff Max Bid: Hidden &nbsp;",https://polk.realforeclose.com/index.cfm?zaction=AUCTION&Zmethod=PREVIEW&AUCTIONDATE=10/20/2026,75,FORECLOSURE|HIGH_AMOUNT|NEW_THIS_WEEK|HAS_ADDRESS,2026-09-26,EXISTING
2026CA001946A000BA,FORECLOSURE SALE,FC,Foreclosure Auction (Sale 10/20/2026),2026-10-20,AGUIRRE JUAN DE LA O,,517368.47,4002 LANA AVE,Davenport,FL,33897,6125 N HUDSON ST,Orlando,FL,32808,"Auction 10/20/2026 | Parcel 262513998016006700 | Assessed $422,000.00 Plaintiff Max Bid: Hidden &nbsp;",https://polk.realforeclose.com/index.cfm?zaction=AUCTION&Zmethod=PREVIEW&AUCTIONDATE=10/20/2026,75,FORECLOSURE|HIGH_AMOUNT|NEW_THIS_WEEK|HAS_ADDRESS,2026-09-26,EXISTING
2025CA004513A000BA,FORECLOSURE SALE,FC,Foreclosure Auction (Sale 10/22/2026),2026-10-22,DESILVA JESSICA ANN,,236855.82,840 PALMETTO AVE,Frostproof,FL,33843,840 PALMETTO AVE,Frostproof,FL,33843,"Auction 10/22/2026 | Parcel 283132976232000100 | Assessed $236,321.00 Plaintiff Max Bid: Hidden &nbsp;",https://polk.realforeclose.com/index.cfm?zaction=AUCTION&Zmethod=PREVIEW&AUCTIONDATE=10/22/2026,75,FORECLOSURE|HIGH_AMOUNT|NEW_THIS_WEEK|HAS_ADDRESS,2026-09-26,EXISTING
2023CA006434000000,FORECLOSURE SALE,FC,Foreclosure Auction (Sale 10/26/2026),2026-10-26,MENCHAN DEREK F,,367092.5,550 SEARS AVE NE,Winter Haven,FL,33881,550 SEARS AVE NE,Winter Haven,FL,33881,"Auction 10/26/2026 | Parcel 262816538000000300 | Assessed $288,341.00 Plaintiff Max Bid: Hidden &nbsp;",https://polk.realforeclose.com/index.cfm?zaction=AUCTION&Zmethod=PREVIEW&AUCTIONDATE=10/26/2026,75,FORECLOSURE|HIGH_AMOUNT|NEW_THIS_WEEK|HAS_ADDRESS,2026-10-01,EXISTING
2024CA000129000000,FORECLOSURE SALE,FC,Foreclosure Auction (Sale 10/26/2026),2026-10-26,MCCLELLAND LEROY MARCUS,,367234.04,3077 BRENTON MANOR LOOP,Winter Haven,FL,33884,3753 46TH AVE S APT 2,Saint Petersburg,FL,33711,"Auction 10/26/2026 | Parcel 272806821502001330 | Assessed $262,031.00 Plaintiff Max Bid: Hidden &nbsp;",https://polk.realforeclose.com/index.cfm?zaction=AUCTION&Zmethod=PREVIEW&AUCTIONDATE=10/26/2026,75,FORECLOSURE|HIGH_AMOUNT|NEW_THIS_WEEK|HAS_ADDRESS,2026-10-01,EXISTING
2025CA000385000000,FORECLOSURE SALE,FC,Foreclosure Auction (Sale 10/26/2026),2026-10-26,ORTIZ GUILLERMO FALCON,,394349.93,1018 KOBUK ST,Haines City,FL,33844,1018 KOBUK ST,Haines City,FL,33844,"Auction 10/26/2026 | Parcel 272708727508000730 | Assessed $272,474.00 Plaintiff Max Bid: Hidden &nbsp;",https://polk.realforeclose.com/index.cfm?zaction=AUCTION&Zmethod=PREVIEW&AUCTIONDATE=10/26/2026,75,FORECLOSURE|HIGH_AMOUNT|NEW_THIS_WEEK|HAS_ADDRESS,2026-10-01,EXISTING
2025CA001931A000BA,FORECLOSURE SALE,FC,Foreclosure Auction (Sale 10/26/2026),2026-10-26,MCINTYRE JANE ESTATE OF,,205273.34,251 PATTERSON RD LOT H28,Haines City,FL,33844,28 CEDAR DR,Davenport,FL,33837,"Auction 10/26/2026 | Parcel 272717741002012310 | Assessed $159,536.00 Plaintiff Max Bid: Hidden &nbsp;",https://polk.realforeclose.com/index.cfm?zaction=AUCTION&Zmethod=PREVIEW&AUCTIONDATE=10/26/2026,75,FORECLOSURE|HIGH_AMOUNT|NEW_THIS_WEEK|HAS_ADDRESS,2026-10-01,EXISTING
2025CA003582A000BA,FORECLOSURE SALE,FC,Foreclosure Auction (Sale 10/26/2026),2026-10-26,DOLBIER JEFFREY C,,204085.39,2664 CANAL RD,Lake Wales,FL,33898,2664 CANAL RD,Lake Wales,FL,33898,"Auction 10/26/2026 | Parcel 282831000000024050 | Assessed $227,545.00 Plaintiff Max Bid: Hidden &nbsp;",https://polk.realforeclose.com/index.cfm?zaction=AUCTION&Zmethod=PREVIEW&AUCTIONDATE=10/26/2026,75,FORECLOSURE|HIGH_AMOUNT|NEW_THIS_WEEK|HAS_ADDRESS,2026-10-01,EXISTING
2025CA004212A000BA,FORECLOSURE SALE,FC,Foreclosure Auction (Sale 10/26/2026),2026-10-26,MELENDEZ CARLOS E,,327620.78,274 LAKE DAISY LOOP,Winter Haven,FL,33884,274 LAKE DAISY LOOP,Winter Haven,FL,33884,"Auction 10/26/2026 | Parcel 272906855569011050 | Assessed $183,934.00 Plaintiff Max Bid: Hidden &nbsp;",https://polk.realforeclose.com/index.cfm?zaction=AUCTION&Zmethod=PREVIEW&AUCTIONDATE=10/26/2026,75,FORECLOSURE|HIGH_AMOUNT|NEW_THIS_WEEK|HAS_ADDRESS,2026-10-01,EXISTING
2025CA004498A000BA,FORECLOSURE SALE,FC,Foreclosure Auction (Sale 10/26/2026),2026-10-26,ISON JERRY DALE,,186793.46,460 W PIERCE ST,Lake Alfred,FL,33850,450 W PIERCE ST,Lake Alfred,FL,33850,"Auction 10/26/2026 | Parcel 262732503000039024 | Assessed $223,905.00 Plaintiff Max Bid: Hidden &nbsp;",https://polk.realforeclose.com/index.cfm?zaction=AUCTION&Zmethod=PREVIEW&AUCTIONDATE=10/26/2026,75,FORECLOSURE|HIGH_AMOUNT|NEW_THIS_WEEK|HAS_ADDRESS,2026-10-01,EXISTING
2025CA004934A000BA,FORECLOSURE SALE,FC,Foreclosure Auction (Sale 10/26/2026),2026-10-26,COWART COREY,,254313.47,2107 MONTICELLO AVE,Lakeland,FL,33801,2107 MONTICELLO AVE,Lakeland,FL,33801,"Auction 10/26/2026 | Parcel 242821239300002020 | Assessed $113,442.00 Plaintiff Max Bid: Hidden &nbsp;",https://polk.realforeclose.com/index.cfm?zaction=AUCTION&Zmethod=PREVIEW&AUCTIONDATE=10/26/2026,75,FORECLOSURE|HIGH_AMOUNT|NEW_THIS_WEEK|HAS_ADDRESS,2026-10-01,EXISTING
2025CA005433A000BA,FORECLOSURE SALE,FC,Foreclosure Auction (Sale 10/26/2026),2026-10-26,MOSSMAN FREDERICK,,317599.89,8025 MARGATE WAY,Lakeland,FL,33809,8025 MARGATE WAY,Lakeland,FL,33809,"Auction 10/26/2026 | Parcel 242708161008000260 | Assessed $387,059.00 Plaintiff Max Bid: Hidden &nbsp;",https://polk.realforeclose.com/index.cfm?zaction=AUCTION&Zmethod=PREVIEW&AUCTIONDATE=10/26/2026,75,FORECLOSURE|HIGH_AMOUNT|NEW_THIS_WEEK|HAS_ADDRESS,2026-10-01,EXISTING
2026CA000149A000BA,FORECLOSURE SALE,FC,Foreclosure Auction (Sale 10/26/2026),2026-10-26,BG VENTURES INVESTMENTS LLC,,389671.07,818 OXFORD DR,Davenport,FL,33897,84 W BROADWAY STE 200,Derry,FL,3038,"Auction 10/26/2026 | Parcel 262524488063000310 | Assessed $271,765.00 Plaintiff Max Bid: Hidden &nbsp;",https://polk.realforeclose.com/index.cfm?zaction=AUCTION&Zmethod=PREVIEW&AUCTIONDATE=10/26/2026,75,FORECLOSURE|HIGH_AMOUNT|NEW_THIS_WEEK|HAS_ADDRESS,2026-10-01,EXISTING
2026CA001192A000BA,FORECLOSURE SALE,FC,Foreclosure Auction (Sale 10/26/2026),2026-10-26,PADILLA ADMITZAEL SANCHEZ,,239731.46,417 SAPPHIRE DR,Davenport,FL,33837,417 SAPPHIRE DR,Davenport,FL,33837,"Auction 10/26/2026 | Parcel 272705726007000040 | Assessed $265,068.00 Plaintiff Max Bid: Hidden &nbsp;",https://polk.realforeclose.com/index.cfm?zaction=AUCTION&Zmethod=PREVIEW&AUCTIONDATE=10/26/2026,75,FORECLOSURE|HIGH_AMOUNT|NEW_THIS_WEEK|HAS_ADDRESS,2026-09-24,EXISTING
2025CA004034A000BA,FORECLOSURE SALE,FC,Foreclosure Auction (Sale 10/27/2026),2026-10-27,JAWORSKY CLAIRE,,330712.53,1536 CHURCHILL CT,Lakeland,FL,33801,1536 CHURCHILL CT,Lakeland,FL,33801,"Auction 10/27/2026 | Parcel 242809000000012114 | Assessed $286,859.00 Plaintiff Max Bid: Hidden &nbsp;",https://polk.realforeclose.com/index.cfm?zaction=AUCTION&Zmethod=PREVIEW&AUCTIONDATE=10/27/2026,75,FORECLOSURE|HIGH_AMOUNT|NEW_THIS_WEEK|HAS_ADDRESS,2026-10-01,EXISTING
2025CA004609A000BA,FORECLOSURE SALE,FC,Foreclosure Auction (Sale 10/28/2026),2026-10-28,CBS CONSULTING LLC,,270153.76,443 JACKS WAY,Davenport,FL,33837,12939 ENTRADA DR,Orlando,FL,32837,"Auction 10/28/2026 | Parcel 272706726507000580 | Assessed $250,437.00 Plaintiff Max Bid: Hidden &nbsp;",https://polk.realforeclose.com/index.cfm?zaction=AUCTION&Zmethod=PREVIEW&AUCTIONDATE=10/28/2026,75,FORECLOSURE|HIGH_AMOUNT|NEW_THIS_WEEK|HAS_ADDRESS,2026-10-01,EXISTING
2026CA000227A000BA,FORECLOSURE SALE,FC,Foreclosure Auction (Sale 10/28/2026),2026-10-28,FOYTE PAUL GERARD ESTATE OF,,413750.26,5557 SILTSTONE ST,Lakeland,FL,33811,5557 SILTSTONE ST,Lakeland,FL,33811,"Auction 10/28/2026 | Parcel 232917141625015010 | Assessed $284,983.00 Plaintiff Max Bid: Hidden &nbsp;",https://polk.realforeclose.com/index.cfm?zaction=AUCTION&Zmethod=PREVIEW&AUCTIONDATE=10/28/2026,75,FORECLOSURE|HIGH_AMOUNT|NEW_THIS_WEEK|HAS_ADDRESS,2026-10-01,EXISTING
2025CA001128A000BA,FORECLOSURE SALE,FC,Foreclosure Auction (Sale 10/29/2026),2026-10-29,BERTRAND JOSEPH DONALD,,345863.16,985 DUDLEY AVE,S Bartow,FL,33830,985 S DUDLEY AVE,Bartow,FL,33830,"Auction 10/29/2026 | Parcel 253007403000002100 | Assessed $237,447.00 Plaintiff Max Bid: Hidden &nbsp;",https://polk.realforeclose.com/index.cfm?zaction=AUCTION&Zmethod=PREVIEW&AUCTIONDATE=10/29/2026,75,FORECLOSURE|HIGH_AMOUNT|NEW_THIS_WEEK|HAS_ADDRESS,2026-10-01,EXISTING
2025CA002636A000BA,FORECLOSURE SALE,FC,Foreclosure Auction (Sale 10/29/2026),2026-10-29,JACKSON KARIM NASIR,,407535.42,502 OAKPARK LOOP,Davenport,FL,33837,PO BOX 92355,Atlanta,FL,30314,"Auction 10/29/2026 | Parcel 272604701105000100 | Assessed $253,220.00 Plaintiff Max Bid: Hidden &nbsp;",https://polk.realforeclose.com/index.cfm?zaction=AUCTION&Zmethod=PREVIEW&AUCTIONDATE=10/29/2026,75,FORECLOSURE|HIGH_AMOUNT|NEW_THIS_WEEK|HAS_ADDRESS,2026-10-01,EXISTING
2024CA000732000000,FORECLOSURE SALE,FC,Foreclosure Auction (Sale 10/30/2026),2026-10-30,CASTANEDA JUAN,,207632.56,1510 26TH TER,Haines City,FL,33844,1510 N 26TH TER,Haines City,FL,33844,"Auction 10/30/2026 | Parcel 272721756540000060 | Assessed $55,717.00 Plaintiff Max Bid: Hidden &nbsp;",https://polk.realforeclose.com/index.cfm?zaction=AUCTION&Zmethod=PREVIEW&AUCTIONDATE=10/30/2026,75,FORECLOSURE|HIGH_AMOUNT|NEW_THIS_WEEK|HAS_ADDRESS,2026-10-02,EXISTING
2024CA003853000000,FORECLOSURE SALE,FC,Foreclosure Auction (Sale 10/30/2026),2026-10-30,COLAMARCO MELISSA,,450114.42,490 TAFT DR,Davenport,FL,33837,3065 EGRETS LANDING DR,Lake Mary,FL,32746,"Auction 10/30/2026 | Parcel 272705726011000230 | Assessed $265,677.00 Plaintiff Max Bid: Hidden &nbsp;",https://polk.realforeclose.com/index.cfm?zaction=AUCTION&Zmethod=PREVIEW&AUCTIONDATE=10/30/2026,75,FORECLOSURE|HIGH_AMOUNT|NEW_THIS_WEEK|HAS_ADDRESS,2026-10-02,EXISTING
2025CA001413A000BA,FORECLOSURE SALE,FC,Foreclosure Auction (Sale 10/30/2026),2026-10-30,CARRION JOMAR,,263865.02,3807 WHITE OAK CT,Lake Wales,FL,33898,3807 WHITE OAK CT,Lake Wales,FL,33898,"Auction 10/30/2026 | Parcel 282933937780002111 | Assessed $255,399.00 Plaintiff Max Bid: Hidden &nbsp;",https://polk.realforeclose.com/index.cfm?zaction=AUCTION&Zmethod=PREVIEW&AUCTIONDATE=10/30/2026,75,FORECLOSURE|HIGH_AMOUNT|NEW_THIS_WEEK|HAS_ADDRESS,2026-10-02,EXISTING
2025CA001545A000BA,FORECLOSURE SALE,FC,Foreclosure Auction (Sale 10/30/2026),2026-10-30,PACHECO YARITZA ESTATE OF,,190215.67,2724 WILLISTON DR,Lakeland,FL,33801,2724 WILLISTON DR,Lakeland,FL,33801,"Auction 10/30/2026 | Parcel 242810177500001331 | Assessed $242,384.00 Plaintiff Max Bid: Hidden &nbsp;",https://polk.realforeclose.com/index.cfm?zaction=AUCTION&Zmethod=PREVIEW&AUCTIONDATE=10/30/2026,75,FORECLOSURE|HIGH_AMOUNT|NEW_THIS_WEEK|HAS_ADDRESS,2026-10-02,EXISTING
2025CA003190A000BA,FORECLOSURE SALE,FC,Foreclosure Auction (Sale 10/30/2026),2026-10-30,SEIDE DUKENSON,,396858.8,1383 BERRY LN,Davenport,FL,33837,1383 BERRY LN,Davenport,FL,33837,"Auction 10/30/2026 | Parcel 272703721523001450 | Assessed $307,747.00 Plaintiff Max Bid: Hidden &nbsp;",https://polk.realforeclose.com/index.cfm?zaction=AUCTION&Zmethod=PREVIEW&AUCTIONDATE=10/30/2026,75,FORECLOSURE|HIGH_AMOUNT|NEW_THIS_WEEK|HAS_ADDRESS,2026-10-02,EXISTING
2025CA003549A000BA,FORECLOSURE SALE,FC,Foreclosure Auction (Sale 10/30/2026),2026-10-30,CRUZ JULIAN A,,252327.09,764 MADISON DR,Davenport,FL,33837,764 MADISON DR,Davenport,FL,33837,"Auction 10/30/2026 | Parcel 272629707041003060 | Assessed $219,500.00 Plaintiff Max Bid: Hidden &nbsp;",https://polk.realforeclose.com/index.cfm?zaction=AUCTION&Zmethod=PREVIEW&AUCTIONDATE=10/30/2026,75,FORECLOSURE|HIGH_AMOUNT|NEW_THIS_WEEK|HAS_ADDRESS,2026-10-02,EXISTING
2025CA003790A000BA,FORECLOSURE SALE,FC,Foreclosure Auction (Sale 10/30/2026),2026-10-30,VAZQUEZ EIVISLIZ ROQUE,,218343.29,208 POLK ST,W Auburndale,FL,33823,1740 MANAROLA ST # E100,Kissimmee,FL,34741,"Auction 10/30/2026 | Parcel 252811334000000200 | Assessed $163,095.00 Plaintiff Max Bid: Hidden &nbsp;",https://polk.realforeclose.com/index.cfm?zaction=AUCTION&Zmethod=PREVIEW&AUCTIONDATE=10/30/2026,75,FORECLOSURE|HIGH_AMOUNT|NEW_THIS_WEEK|HAS_ADDRESS,2026-10-02,EXISTING
2025CA005122A000BA,FORECLOSURE SALE,FC,Foreclosure Auction (Sale 10/30/2026),2026-10-30,GIBSON CAMERON G,,309005.84,240 HARBORD ST W,Lake Alfred,FL,33850,240 W HARBORD ST,Lake Alfred,FL,33850,"Auction 10/30/2026 | Parcel 262732504300000171 | Assessed $184,384.00 Plaintiff Max Bid: Hidden &nbsp;",https://polk.realforeclose.com/index.cfm?zaction=AUCTION&Zmethod=PREVIEW&AUCTIONDATE=10/30/2026,75,FORECLOSURE|HIGH_AMOUNT|NEW_THIS_WEEK|HAS_ADDRESS,2026-10-02,EXISTING
2026CA000068A000BA,FORECLOSURE SALE,FC,Foreclosure Auction (Sale 10/30/2026),2026-10-30,AMERICAN HOME MANAGEMENT LLC,,554595.19,232 AIDAN'S LNDG,Haines City,FL,33844,869 SWAPS DR,Shakopee,FL,55379,"Auction 10/30/2026 | Parcel 272732804507000660 | Assessed $338,486.00 Plaintiff Max Bid: Hidden &nbsp;",https://polk.realforeclose.com/index.cfm?zaction=AUCTION&Zmethod=PREVIEW&AUCTIONDATE=10/30/2026,75,FORECLOSURE|HIGH_AMOUNT|NEW_THIS_WEEK|HAS_ADDRESS,2026-10-02,EXISTING
2018CA002808000000,FORECLOSURE SALE,FC,Foreclosure Auction (Sale 11/02/2026),2026-11-02,CASTILLO JUAN M,,219629.45,710 DIVOT LN,Poinciana,FL,34759,710 DIVOT LN,Poinciana,FL,34759,"Auction 11/02/2026 | Parcel 282713933500065009 | Assessed $195,612.00 Plaintiff Max Bid: Hidden &nbsp;",https://polk.realforeclose.com/index.cfm?zaction=AUCTION&Zmethod=PREVIEW&AUCTIONDATE=11/02/2026,75,FORECLOSURE|HIGH_AMOUNT|NEW_THIS_WEEK|HAS_ADDRESS,2026-10-06,EXISTING
2023CA000853000000,FORECLOSURE SALE,FC,Foreclosure Auction (Sale 11/02/2026),2026-11-02,CHISHOLM SAGIRAH T,,359130.35,2843 BLACKWATER OAKS DR,Mulberry,FL,33860,2843 BLACKWATER OAKS DR,Mulberry,FL,33860,"Auction 11/02/2026 | Parcel 232934142465000500 | Assessed $354,908.00 Plaintiff Max Bid: Hidden &nbsp;",https://polk.realforeclose.com/index.cfm?zaction=AUCTION&Zmethod=PREVIEW&AUCTIONDATE=11/02/2026,75,FORECLOSURE|HIGH_AMOUNT|NEW_THIS_WEEK|HAS_ADDRESS,2026-10-06,EXISTING
2025CA002566A000BA,FORECLOSURE SALE,FC,Foreclosure Auction (Sale 11/02/2026),2026-11-02,SOTO MEDINA LUIS ESTATE OF,,162532.17,2057 HEMINGWAY AVE,Haines City,FL,33844,2057 HEMINGWAY AVE,Haines City,FL,33844,"Auction 11/02/2026 | Parcel 272720749001000750 | Assessed $286,842.00 Plaintiff Max Bid: Hidden &nbsp;",https://polk.realforeclose.com/index.cfm?zaction=AUCTION&Zmethod=PREVIEW&AUCTIONDATE=11/02/2026,75,FORECLOSURE|HIGH_AMOUNT|NEW_THIS_WEEK|HAS_ADDRESS,2026-10-06,EXISTING
2025CA002851A000BA,FORECLOSURE SALE,FC,Foreclosure Auction (Sale 11/02/2026),2026-11-02,SMITH WILLIAM PARKER,,250153.13,4935 SAND MOUNTAIN LOOP RD,Auburndale,FL,33823,68 WINTHROP ST,Taunton,FL,2780,"Auction 11/02/2026 | Parcel 242813000000011050 | Assessed $162,176.00 Plaintiff Max Bid: Hidden &nbsp;",https://polk.realforeclose.com/index.cfm?zaction=AUCTION&Zmethod=PREVIEW&AUCTIONDATE=11/02/2026,75,FORECLOSURE|HIGH_AMOUNT|NEW_THIS_WEEK|HAS_ADDRESS,2026-10-06,EXISTING
2025CA003062A000BA,FORECLOSURE SALE,FC,Foreclosure Auction (Sale 11/02/2026),2026-11-02,WINNER TARLA SUE,,271391.8,8118 OSBORNE LN,Lakeland,FL,33809,8118 OSBORNE LN,Lakeland,FL,33809,"Auction 11/02/2026 | Parcel 232712000000021210 | Assessed $250,347.00 Plaintiff Max Bid: Hidden &nbsp;",https://polk.realforeclose.com/index.cfm?zaction=AUCTION&Zmethod=PREVIEW&AUCTIONDATE=11/02/2026,75,FORECLOSURE|HIGH_AMOUNT|NEW_THIS_WEEK|HAS_ADDRESS,2026-10-06,EXISTING
2025CA003881A000BA,FORECLOSURE SALE,FC,Foreclosure Auction (Sale 11/02/2026),2026-11-02,MORTIMER EMILY,,296556.71,120 CITRUS ISLE ST,Davenport,FL,33837,120 CITRUS ISLE ST,Davenport,FL,33837,"Auction 11/02/2026 | Parcel 272704725010000050 | Assessed $296,472.00 Plaintiff Max Bid: Hidden &nbsp;",https://polk.realforeclose.com/index.cfm?zaction=AUCTION&Zmethod=PREVIEW&AUCTIONDATE=11/02/2026,75,FORECLOSURE|HIGH_AMOUNT|NEW_THIS_WEEK|HAS_ADDRESS,2026-10-06,EXISTING
2025CA003923A000BA,FORECLOSURE SALE,FC,Foreclosure Auction (Sale 11/02/2026),2026-11-02,FRIAS JENNIE,,339428.03,710 FRANKLIN CT,Haines City,FL,33844,710 FRANKLIN CT,Haines City,FL,33844,"Auction 11/02/2026 | Parcel 272716740504000190 | Assessed $225,283.00 Plaintiff Max Bid: Hidden &nbsp;",https://polk.realforeclose.com/index.cfm?zaction=AUCTION&Zmethod=PREVIEW&AUCTIONDATE=11/02/2026,75,FORECLOSURE|HIGH_AMOUNT|NEW_THIS_WEEK|HAS_ADDRESS,2026-10-06,EXISTING
2025CA003953A000BA,FORECLOSURE SALE,FC,Foreclosure Auction (Sale 11/02/2026),2026-11-02,DE LEON DELVIS LOPEZ,,350351.2,738 VENETIAN AVE,Lakeland,FL,33801,738 VENETIAN AVE,Lakeland,FL,33801,"Auction 11/02/2026 | Parcel 242821239700003100 | Assessed $210,117.00 Plaintiff Max Bid: Hidden &nbsp;",https://polk.realforeclose.com/index.cfm?zaction=AUCTION&Zmethod=PREVIEW&AUCTIONDATE=11/02/2026,75,FORECLOSURE|HIGH_AMOUNT|NEW_THIS_WEEK|HAS_ADDRESS,2026-10-06,EXISTING
2025CA004119A000BA,FORECLOSURE SALE,FC,Foreclosure Auction (Sale 11/02/2026),2026-11-02,AMMIRATO JASON THOMAS JR,,361943.73,1431 PLANK PL,Davenport,FL,33837,1431 PLANK PL,Davenport,FL,33837,"Auction 11/02/2026 | Parcel 272619705015002130 | Assessed $257,500.00 Plaintiff Max Bid: Hidden &nbsp;",https://polk.realforeclose.com/index.cfm?zaction=AUCTION&Zmethod=PREVIEW&AUCTIONDATE=11/02/2026,75,FORECLOSURE|HIGH_AMOUNT|NEW_THIS_WEEK|HAS_ADDRESS,2026-10-06,EXISTING
2025CA005017A000BA,FORECLOSURE SALE,FC,Foreclosure Auction (Sale 11/02/2026),2026-11-02,WILLIAMS WILLIE III ESTATE OF,,114334.82,79 COLEMAN RD,Winter Haven,FL,33880,79 COLEMAN RD,Winter Haven,FL,33880,"Auction 11/02/2026 | Parcel 252825354010000280 | Assessed $184,288.00 Plaintiff Max Bid: Hidden &nbsp;",https://polk.realforeclose.com/index.cfm?zaction=AUCTION&Zmethod=PREVIEW&AUCTIONDATE=11/02/2026,75,FORECLOSURE|HIGH_AMOUNT|NEW_THIS_WEEK|HAS_ADDRESS,2026-10-06,EXISTING
2025CA005022A000BA,FORECLOSURE SALE,FC,Foreclosure Auction (Sale 11/02/2026),2026-11-02,ARCE JORGE,,411651.78,116 HAMPDEN RD SE,Winter Haven,FL,33884,107 VICTORY RD,Lynn,FL,1902,"Auction 11/02/2026 | Parcel 262834660300000220 | Assessed $282,637.00 Plaintiff Max Bid: Hidden &nbsp;",https://polk.realforeclose.com/index.cfm?zaction=AUCTION&Zmethod=PREVIEW&AUCTIONDATE=11/02/2026,75,FORECLOSURE|HIGH_AMOUNT|NEW_THIS_WEEK|HAS_ADDRESS,2026-10-06,EXISTING
2025CA005081A000BA,FORECLOSURE SALE,FC,Foreclosure Auction (Sale 11/02/2026),2026-11-02,SHEPHARD AISHA Y,,186738.75,4725 MAGNOLIA PRESERVE AVE,Winter Haven,FL,33880,5787 DORNICH DR,Auburndale,FL,33823,"Auction 11/02/2026 | Parcel 252911357123000670 | Assessed $282,362.00 Plaintiff Max Bid: Hidden &nbsp;",https://polk.realforeclose.com/index.cfm?zaction=AUCTION&Zmethod=PREVIEW&AUCTIONDATE=11/02/2026,75,FORECLOSURE|HIGH_AMOUNT|NEW_THIS_WEEK|HAS_ADDRESS,2026-10-06,EXISTING
2025CA005123A000BA,FORECLOSURE SALE,FC,Foreclosure Auction (Sale 11/02/2026),2026-11-02,FINNIS KAREN YVETTE REID,,428442.09,1150 TORRENTE LN,Haines City,FL,33844,1150 TORRENTE LN,Haines City,FL,33844,"Auction 11/02/2026 | Parcel 272804815030002430 | Assessed $299,484.00 Plaintiff Max Bid: Hidden &nbsp;",https://polk.realforeclose.com/index.cfm?zaction=AUCTION&Zmethod=PREVIEW&AUCTIONDATE=11/02/2026,75,FORECLOSURE|HIGH_AMOUNT|NEW_THIS_WEEK|HAS_ADDRESS,2026-10-06,EXISTING
2026CA000005A000BA,FORECLOSURE SALE,FC,Foreclosure Auction (Sale 11/02/2026),2026-11-02,ORTIZ JOHAN ALEXIS CARAJAL,,365904.06,2417 WHITE TAIL ST,Davenport,FL,33837,2417 WHITE TAIL ST,Davenport,FL,33837,"Auction 11/02/2026 | Parcel 272710733520017140 | Assessed $281,882.00 Plaintiff Max Bid: Hidden &nbsp;",https://polk.realforeclose.com/index.cfm?zaction=AUCTION&Zmethod=PREVIEW&AUCTIONDATE=11/02/2026,75,FORECLOSURE|HIGH_AMOUNT|NEW_THIS_WEEK|HAS_ADDRESS,2026-10-06,EXISTING
2026CA000031A000BA,FORECLOSURE SALE,FC,Foreclosure Auction (Sale 11/02/2026),2026-11-02,HOGGINS ROBERT ALLEN,,270200.48,428 OHIO LN,Poinciana,FL,34759,428 OHIO LN,Poinciana,FL,34759,"Auction 11/02/2026 | Parcel 282803934760027210 | Assessed $278,631.00 Plaintiff Max Bid: Hidden &nbsp;",https://polk.realforeclose.com/index.cfm?zaction=AUCTION&Zmethod=PREVIEW&AUCTIONDATE=11/02/2026,75,FORECLOSURE|HIGH_AMOUNT|NEW_THIS_WEEK|HAS_ADDRESS,2026-10-06,EXISTING
2026CA000278A000BA,FORECLOSURE SALE,FC,Foreclosure Auction (Sale 11/02/2026),2026-11-02,LLEO DANIEYIS,,332138.39,4707 BERNARD BLVD,Haines City,FL,33844,5300 W IRLO BRONSON MEMORIAL HWY OFC,Kissimmee,FL,34746,"Auction 11/02/2026 | Parcel 262724489504002200 | Assessed $258,269.00 Plaintiff Max Bid: Hidden &nbsp;",https://polk.realforeclose.com/index.cfm?zaction=AUCTION&Zmethod=PREVIEW&AUCTIONDATE=11/02/2026,75,FORECLOSURE|HIGH_AMOUNT|NEW_THIS_WEEK|HAS_ADDRESS,2026-10-06,EXISTING
2026CA000505A000BA,FORECLOSURE SALE,FC,Foreclosure Auction (Sale 11/02/2026),2026-11-02,OWENS ANGELA,,183559.86,51 ASPEN DR,Haines City,FL,33844,51 ASPEN DR,Haines City,FL,33844,"Auction 11/02/2026 | Parcel 282807935116000510 | Assessed $130,000.00 Plaintiff Max Bid: Hidden &nbsp;",https://polk.realforeclose.com/index.cfm?zaction=AUCTION&Zmethod=PREVIEW&AUCTIONDATE=11/02/2026,75,FORECLOSURE|HIGH_AMOUNT|NEW_THIS_WEEK|HAS_ADDRESS,2026-10-06,EXISTING
2026CA000543A000BA,FORECLOSURE SALE,FC,Foreclosure Auction (Sale 11/02/2026),2026-11-02,RAY TREVOR RYAN,,329092.3,4900 TRANSPORT RD,Bartow,FL,33830,4900 TRANSPORT RD,Bartow,FL,33830,"Auction 11/02/2026 | Parcel 252913000000032090 | Assessed $164,177.00 Plaintiff Max Bid: Hidden &nbsp;",https://polk.realforeclose.com/index.cfm?zaction=AUCTION&Zmethod=PREVIEW&AUCTIONDATE=11/02/2026,75,FORECLOSURE|HIGH_AMOUNT|NEW_THIS_WEEK|HAS_ADDRESS,2026-09-24,EXISTING
2026CA000686A000BA,FORECLOSURE SALE,FC,Foreclosure Auction (Sale 11/02/2026),2026-11-02,GUITIERREZ JESSICA LAURA,,255804.51,414 HONEY BELL RD,Winter Haven,FL,33880,414 HONEY BELL RD,Winter Haven,FL,33880,"Auction 11/02/2026 | Parcel 262908686701001610 | Assessed $192,087.00 Plaintiff Max Bid: Hidden &nbsp;",https://polk.realforeclose.com/index.cfm?zaction=AUCTION&Zmethod=PREVIEW&AUCTIONDATE=11/02/2026,75,FORECLOSURE|HIGH_AMOUNT|NEW_THIS_WEEK|HAS_ADDRESS,2026-10-06,EXISTING
2026CA001051A000BA,FORECLOSURE SALE,FC,Foreclosure Auction (Sale 11/02/2026),2026-11-02,MAMA BEAR 8841 LLC,,109854.12,8841 PARK BYRD RD,Lakeland,FL,33809,1534 LEHALL SQ S,Lakeland,FL,33810,"Auction 11/02/2026 | Parcel 232702000000044010 | Assessed $339,649.00 Plaintiff Max Bid: Hidden &nbsp;",https://polk.realforeclose.com/index.cfm?zaction=AUCTION&Zmethod=PREVIEW&AUCTIONDATE=11/02/2026,75,FORECLOSURE|HIGH_AMOUNT|NEW_THIS_WEEK|HAS_ADDRESS,2026-10-06,EXISTING
2026CA001274A000BA,FORECLOSURE SALE,FC,Foreclosure Auction (Sale 11/02/2026),2026-11-02,CHAITOO PATTEBAR,,263327.67,1633 SAIL DR,Poinciana,FL,34759,1633 SAIL DR,Poinciana,FL,34759,"Auction 11/02/2026 | Parcel 282802934710015060 | Assessed $247,668.00 Plaintiff Max Bid: Hidden &nbsp;",https://polk.realforeclose.com/index.cfm?zaction=AUCTION&Zmethod=PREVIEW&AUCTIONDATE=11/02/2026,75,FORECLOSURE|HIGH_AMOUNT|NEW_THIS_WEEK|HAS_ADDRESS,2026-10-06,EXISTING
2026CA001353A000BA,FORECLOSURE SALE,FC,Foreclosure Auction (Sale 11/02/2026),2026-11-02,VELAZQUEZ ELSA MARIA JURADO,,312081.62,306 FERN RD,Winter Haven,FL,33880,306 FERN RD,Winter Haven,FL,33880,"Auction 11/02/2026 | Parcel 252825354540008160 | Assessed $210,878.00 Plaintiff Max Bid: Hidden &nbsp;",https://polk.realforeclose.com/index.cfm?zaction=AUCTION&Zmethod=PREVIEW&AUCTIONDATE=11/02/2026,75,FORECLOSURE|HIGH_AMOUNT|NEW_THIS_WEEK|HAS_ADDRESS,2026-10-06,EXISTING
2025CA005038A000BA,FORECLOSURE SALE,FC,Foreclosure Auction (Sale 11/02/2026),2026-11-02,SAURAY LESLEY,,339700.06,713 WILDFLOWER RD,Davenport,FL,33837,713 WILDFLOWER RD,Davenport,FL,33837,"Auction 11/02/2026 | Parcel 272612703504000230 | Assessed $303,678.00 Plaintiff Max Bid: Hidden &nbsp;",https://polk.realforeclose.com/index.cfm?zaction=AUCTION&Zmethod=PREVIEW&AUCTIONDATE=11/02/2026,75,FORECLOSURE|HIGH_AMOUNT|NEW_THIS_WEEK|HAS_ADDRESS,2026-10-06,EXISTING
2023CA005492000000,FORECLOSURE SALE,FC,Foreclosure Auction (Sale 10/09/2026),2026-10-09,LLOYD GEORGINA L,,78966.61,884 REFLECTIONS LOOP E,Winter Haven,FL,33884,884 REFLECTIONS LOOP E,Winter Haven,FL,33884,"Auction 10/09/2026 | Parcel 262912687512000310 | Assessed $92,582.00 Plaintiff Max Bid: Hidden &nbsp;",https://polk.realforeclose.com/index.cfm?zaction=AUCTION&Zmethod=PREVIEW&AUCTIONDATE=10/09/2026,70,FORECLOSURE|MID_AMOUNT|NEW_THIS_WEEK|HAS_ADDRESS,2026-09-24,EXISTING
2025CA005256A000BA,FORECLOSURE SALE,FC,Foreclosure Auction (Sale 10/12/2026),2026-10-12,DENTON BRIAN K,,66293.77,23 SESSOMS AVE W,Lake Wales,FL,33853,23 W SESSOMS AVE,Lake Wales,FL,33853,"Auction 10/12/2026 | Parcel 273002901000001140 | Assessed $91,504.00 Plaintiff Max Bid: Hidden &nbsp;",https://polk.realforeclose.com/index.cfm?zaction=AUCTION&Zmethod=PREVIEW&AUCTIONDATE=10/12/2026,70,FORECLOSURE|MID_AMOUNT|NEW_THIS_WEEK|HAS_ADDRESS,2026-09-24,EXISTING
2024CA001230000000,FORECLOSURE SALE,FC,Foreclosure Auction (Sale 10/12/2026),2026-10-12,NATERA ALEXIS,,93255.65,226 ADAMS ST,Auburndale,FL,33823,226 ADAMS ST,Auburndale,FL,33823,"Auction 10/12/2026 | Parcel 252811335300001880 | Assessed $83,310.00 Plaintiff Max Bid: Hidden &nbsp;",https://polk.realforeclose.com/index.cfm?zaction=AUCTION&Zmethod=PREVIEW&AUCTIONDATE=10/12/2026,70,FORECLOSURE|MID_AMOUNT|NEW_THIS_WEEK|HAS_ADDRESS,2026-09-24,EXISTING
2025CA004621A000BA,FORECLOSURE SALE,FC,Foreclosure Auction (Sale 10/14/2026),2026-10-14,GOLD PROPERTIES INC,,64017.19,147 SE AVENUE A,Winter Haven,FL,33880,PO BOX 2708,Winter Haven,FL,33883,"Auction 10/14/2026 | Parcel 262828605500014200 | Assessed $278,076.00 Plaintiff Max Bid: Hidden &nbsp;",https://polk.realforeclose.com/index.cfm?zaction=AUCTION&Zmethod=PREVIEW&AUCTIONDATE=10/14/2026,70,FORECLOSURE|MID_AMOUNT|NEW_THIS_WEEK|HAS_ADDRESS,2026-10-01,EXISTING
2025CA004590A000BA,FORECLOSURE SALE,FC,Foreclosure Auction (Sale 10/28/2026),2026-10-28,LILLEY RYAN JEFFREY,,79929.81,871 FILLMORE CT,Davenport,FL,33837,871 FILLMORE CT,Davenport,FL,33837,"Auction 10/28/2026 | Parcel 272705726011001210 | Assessed $358,923.00 Plaintiff Max Bid: Hidden &nbsp;",https://polk.realforeclose.com/index.cfm?zaction=AUCTION&Zmethod=PREVIEW&AUCTIONDATE=10/28/2026,70,FORECLOSURE|MID_AMOUNT|NEW_THIS_WEEK|HAS_ADDRESS,2026-10-01,EXISTING
2025CA001653A000BA,FORECLOSURE SALE,FC,Foreclosure Auction (Sale 10/30/2026),2026-10-30,SINCLAIR SHENIKA MYLES,,59145.34,830 N LINCOLN AVE,Lakeland,FL,33815,830 N LINCOLN AVE,Lakeland,FL,33815,"Auction 10/30/2026 | Parcel 232813063500000261 | Assessed $51,332.00 Plaintiff Max Bid: Hidden &nbsp;",https://polk.realforeclose.com/index.cfm?zaction=AUCTION&Zmethod=PREVIEW&AUCTIONDATE=10/30/2026,70,FORECLOSURE|MID_AMOUNT|NEW_THIS_WEEK|HAS_ADDRESS,2026-10-02,EXISTING
2025CA004962A000BA,FORECLOSURE SALE,FC,Foreclosure Auction (Sale 11/02/2026),2026-11-02,GREEN GRACE,,71809.82,148 MADERA DR,Winter Haven,FL,33880,148 MADERA DR,Winter Haven,FL,33880,"Auction 11/02/2026 | Parcel 262918689950000240 | Assessed $42,537.00 Plaintiff Max Bid: Hidden &nbsp;",https://polk.realforeclose.com/index.cfm?zaction=AUCTION&Zmethod=PREVIEW&AUCTIONDATE=11/02/2026,70,FORECLOSURE|MID_AMOUNT|NEW_THIS_WEEK|HAS_ADDRESS,2026-10-06,EXISTING
2025CA004263A000BA,FORECLOSURE SALE,FC,Foreclosure Auction (Sale 11/05/2026),2026-11-05,COVAS JORGE A JR,,57824.68,219 DELANCEY DR,Davenport,FL,33837,219 DELANCEY DR,Davenport,FL,33837,"Auction 11/05/2026 | Parcel 272706726505001860 | Assessed $103,583.00 Plaintiff Max Bid: Hidden &nbsp;",https://polk.realforeclose.com/index.cfm?zaction=AUCTION&Zmethod=PREVIEW&AUCTIONDATE=11/05/2026,70,FORECLOSURE|MID_AMOUNT|NEW_THIS_WEEK|HAS_ADDRESS,2026-10-06,EXISTING
00227-2026,TAX DEED SALE,TAXDEED,Tax Deed Auction (Sale 11/19/2026),2026-11-19,HENDERSON LLOYD FREDERICK,,141130.26,3585 TANAGER LN W MULBERRY,Fl- 33860 &Nbsp;,FL,,3585 TANAGER LN W,Mulberry,FL,33860,Auction 11/19/2026 | Parcel 232928142050001700 | Assessed n/a,https://polk.realtaxdeed.com/index.cfm?zaction=AUCTION&Zmethod=PREVIEW&AUCTIONDATE=11/19/2026,65,TAX_DEED|HIGH_AMOUNT|NEW_THIS_WEEK|HAS_ADDRESS,2026-10-01,EXISTING
2025CA001747A000BA,FORECLOSURE SALE,FC,Foreclosure Auction (Sale 10/09/2026),2026-10-09,RIOS JOYCE,,36700.3,3942 LANA AVE,Davenport,FL,33897,310 N ORANGE AVE APT 832,Orlando,FL,32801,"Auction 10/09/2026 | Parcel 262513998016006550 | Assessed $422,000.00 Plaintiff Max Bid: Hidden &nbsp;",https://polk.realforeclose.com/index.cfm?zaction=AUCTION&Zmethod=PREVIEW&AUCTIONDATE=10/09/2026,60,FORECLOSURE|NEW_THIS_WEEK|HAS_ADDRESS,2026-09-24,EXISTING
2025CA002090A000BA,FORECLOSURE SALE,FC,Foreclosure Auction (Sale 10/09/2026),2026-10-09,MARTINEZ ELIZABETH S,,48144.41,15 LINDA AVE,Frostproof,FL,33843,PO BOX 204,Frostproof,FL,33843,"Auction 10/09/2026 | Parcel 283129968000000150 | Assessed $38,348.00 Plaintiff Max Bid: Hidden &nbsp;",https://polk.realforeclose.com/index.cfm?zaction=AUCTION&Zmethod=PREVIEW&AUCTIONDATE=10/09/2026,60,FORECLOSURE|NEW_THIS_WEEK|HAS_ADDRESS,2026-09-24,EXISTING
2025CC007434A000BA,FORECLOSURE SALE,FC,Foreclosure Auction (Sale 10/12/2026),2026-10-12,HAYS BOBBIE JEAN,,8967.46,6532 SEDGEFORD DR,Lakeland,FL,33811,6532 SEDGEFORD DR,Lakeland,FL,33811,"Auction 10/12/2026 | Parcel 232922141793001800 | Assessed $93,972.00 Plaintiff Max Bid: Hidden &nbsp;",https://polk.realforeclose.com/index.cfm?zaction=AUCTION&Zmethod=PREVIEW&AUCTIONDATE=10/12/2026,60,FORECLOSURE|NEW_THIS_WEEK|HAS_ADDRESS,2026-09-24,EXISTING
2021CC005496000000,FORECLOSURE SALE,FC,Foreclosure Auction (Sale 10/13/2026),2026-10-13,REID ROBERT,,6496.45,512 MILES BLVD,Dundee,FL,33838,512 MILES BLVD,Dundee,FL,33838,"Auction 10/13/2026 | Parcel 272827835824000540 | Assessed $190,959.00 Plaintiff Max Bid: Hidden &nbsp;",https://polk.realforeclose.com/index.cfm?zaction=AUCTION&Zmethod=PREVIEW&AUCTIONDATE=10/13/2026,60,FORECLOSURE|NEW_THIS_WEEK|HAS_ADDRESS,2026-09-24,EXISTING
2025CC007137A000BA,FORECLOSURE SALE,FC,Foreclosure Auction (Sale 10/13/2026),2026-10-13,TAVAREZ VIRGILIO ANTONIO FERNA,,11366.89,351 BRIDGEWATER DR,Davenport,FL,33897,351 BRIDGEWATER DR,Davenport,FL,33897,"Auction 10/13/2026 | Parcel 262511486255002230 | Assessed $381,479.00 Plaintiff Max Bid: Hidden &nbsp;",https://polk.realforeclose.com/index.cfm?zaction=AUCTION&Zmethod=PREVIEW&AUCTIONDATE=10/13/2026,60,FORECLOSURE|NEW_THIS_WEEK|HAS_ADDRESS,2026-09-24,EXISTING
2026CA001441A000BA,FORECLOSURE SALE,FC,Foreclosure Auction (Sale 10/13/2026),2026-10-13,BARTON MARCUS EDWIN,,12663.48,812 GILA WAY,Poinciana,FL,34759,812 GILA WAY,Poinciana,FL,34759,"Auction 10/13/2026 | Parcel 282815935360050030 | Assessed $259,929.00 Plaintiff Max Bid: Hidden &nbsp;",https://polk.realforeclose.com/index.cfm?zaction=AUCTION&Zmethod=PREVIEW&AUCTIONDATE=10/13/2026,60,FORECLOSURE|NEW_THIS_WEEK|HAS_ADDRESS,2026-09-24,EXISTING
2025CA004771A000BA,FORECLOSURE SALE,FC,Foreclosure Auction (Sale 10/15/2026),2026-10-15,RODRIGUEZ MAGGIE LEE,,10644.1,710 BITTERN WAY,Poinciana,FL,34759,710 BITTERN WAY,Poinciana,FL,34759,"Auction 10/15/2026 | Parcel 282725934060069905 | Assessed $242,887.00 Plaintiff Max Bid: Hidden &nbsp;",https://polk.realforeclose.com/index.cfm?zaction=AUCTION&Zmethod=PREVIEW&AUCTIONDATE=10/15/2026,60,FORECLOSURE|NEW_THIS_WEEK|HAS_ADDRESS,2026-09-24,EXISTING
2024CA001104000000,FORECLOSURE SALE,FC,Foreclosure Auction (Sale 10/16/2026),2026-10-16,MARTINEZ GERARDO VICENTY,,8445.58,6107 GREY HERON DR,Winter Haven,FL,33881,6107 GREY HERON DR,Winter Haven,FL,33881,"Auction 10/16/2026 | Parcel 262811531001003670 | Assessed $194,431.00 Plaintiff Max Bid: Hidden &nbsp;",https://polk.realforeclose.com/index.cfm?zaction=AUCTION&Zmethod=PREVIEW&AUCTIONDATE=10/16/2026,60,FORECLOSURE|NEW_THIS_WEEK|HAS_ADDRESS,2026-09-26,EXISTING
2026CA001259A000BA,FORECLOSURE SALE,FC,Foreclosure Auction (Sale 10/16/2026),2026-10-16,RESURGENCE PROPERTIES LLC,,7158.25,183 LAKE THOMAS DR,Winter Haven,FL,33880,3238 KNIGHTSBRIDGE RD,Orlando,FL,32818,"Auction 10/16/2026 | Parcel 252835355070000510 | Assessed $338,881.00 Plaintiff Max Bid: Hidden &nbsp;",https://polk.realforeclose.com/index.cfm?zaction=AUCTION&Zmethod=PREVIEW&AUCTIONDATE=10/16/2026,60,FORECLOSURE|NEW_THIS_WEEK|HAS_ADDRESS,2026-09-26,EXISTING
2025CA003214A000BA,FORECLOSURE SALE,FC,Foreclosure Auction (Sale 10/20/2026),2026-10-20,SANDBECK KRISTIN,,9484.93,1826 EMILY DR,Winter Haven,FL,33884,1826 EMILY DR,Winter Haven,FL,33884,"Auction 10/20/2026 | Parcel 262825590012000140 | Assessed $140,526.00 Plaintiff Max Bid: Hidden &nbsp;",https://polk.realforeclose.com/index.cfm?zaction=AUCTION&Zmethod=PREVIEW&AUCTIONDATE=10/20/2026,60,FORECLOSURE|NEW_THIS_WEEK|HAS_ADDRESS,2026-09-26,EXISTING
2026CC001541A000BA,FORECLOSURE SALE,FC,Foreclosure Auction (Sale 10/21/2026),2026-10-21,,,9652.85,287 SUNFISH DR,Winter Haven,FL,33881,,,FL,,"Auction 10/21/2026 | Parcel 262735520574000470 | Assessed $264,608.00 Plaintiff Max Bid: Hidden &nbsp;",https://polk.realforeclose.com/index.cfm?zaction=AUCTION&Zmethod=PREVIEW&AUCTIONDATE=10/21/2026,60,FORECLOSURE|NEW_THIS_WEEK|HAS_ADDRESS,2026-09-26,EXISTING
2025CC009089A000BA,FORECLOSURE SALE,FC,Foreclosure Auction (Sale 10/22/2026),2026-10-22,HARDY JAMES EUGENE,,10101.73,129 MINNIEHAHA CIR,Haines City,FL,33845,129 MINNIEHAHA CIR,Haines City,FL,33844,"Auction 10/22/2026 | Parcel 272717741010002150 | Assessed $304,907.00 Plaintiff Max Bid: Hidden &nbsp;",https://polk.realforeclose.com/index.cfm?zaction=AUCTION&Zmethod=PREVIEW&AUCTIONDATE=10/22/2026,60,FORECLOSURE|NEW_THIS_WEEK|HAS_ADDRESS,2026-09-26,EXISTING
2024CA004860000000,FORECLOSURE SALE,FC,Foreclosure Auction (Sale 10/23/2026),2026-10-23,BALLINGER NATHAN,,19779.9,125 RUDY ST,Auburndale,FL,33823,125 RUDY ST,Auburndale,FL,33823,"Auction 10/23/2026 | Parcel 252735305252002000 | Assessed $410,507.00 Plaintiff Max Bid: Hidden &nbsp;",https://polk.realforeclose.com/index.cfm?zaction=AUCTION&Zmethod=PREVIEW&AUCTIONDATE=10/23/2026,60,FORECLOSURE|NEW_THIS_WEEK|HAS_ADDRESS,2026-09-30,EXISTING
2026CA001381A000BA,FORECLOSURE SALE,FC,Foreclosure Auction (Sale 10/23/2026),2026-10-23,DHAITY SOLNER,,11747.28,1610 POMPANO WAY,Poinciana,FL,34759,3091 N COURSE DR APT 608,Pompano Beach,FL,33069,"Auction 10/23/2026 | Parcel 282802934710032050 | Assessed $236,003.00 Plaintiff Max Bid: Hidden &nbsp;",https://polk.realforeclose.com/index.cfm?zaction=AUCTION&Zmethod=PREVIEW&AUCTIONDATE=10/23/2026,60,FORECLOSURE|NEW_THIS_WEEK|HAS_ADDRESS,2026-09-26,EXISTING
2026CA001437A000BA,FORECLOSURE SALE,FC,Foreclosure Auction (Sale 10/23/2026),2026-10-23,PACK RONALD,,15332.73,324 SNOOK WAY,Poinciana,FL,34759,324 SNOOK WAY,Kissimmee,FL,34759,"Auction 10/23/2026 | Parcel 282802934710050030 | Assessed $226,303.00 Plaintiff Max Bid: Hidden &nbsp;",https://polk.realforeclose.com/index.cfm?zaction=AUCTION&Zmethod=PREVIEW&AUCTIONDATE=10/23/2026,60,FORECLOSURE|NEW_THIS_WEEK|HAS_ADDRESS,2026-09-26,EXISTING
2026CA001502A000BA,FORECLOSURE SALE,FC,Foreclosure Auction (Sale 10/23/2026),2026-10-23,JAMES ALFRED,,20074.13,616 BEAR CT,Poinciana,FL,34759,616 BEAR CT,Poinciana,FL,34759,"Auction 10/23/2026 | Parcel 282724934010136140 | Assessed $113,190.00 Plaintiff Max Bid: Hidden &nbsp;",https://polk.realforeclose.com/index.cfm?zaction=AUCTION&Zmethod=PREVIEW&AUCTIONDATE=10/23/2026,60,FORECLOSURE|NEW_THIS_WEEK|HAS_ADDRESS,2026-09-26,EXISTING
2024CA003871000000,FORECLOSURE SALE,FC,Foreclosure Auction (Sale 10/26/2026),2026-10-26,MESIDOR WISBEN,,7674.82,629 WOOD DR,Poinciana,FL,34759,629 WOOD DR,Poinciana,FL,34759,"Auction 10/26/2026 | Parcel 282713933490040090 | Assessed $241,264.00 Plaintiff Max Bid: Hidden &nbsp;",https://polk.realforeclose.com/index.cfm?zaction=AUCTION&Zmethod=PREVIEW&AUCTIONDATE=10/26/2026,60,FORECLOSURE|NEW_THIS_WEEK|HAS_ADDRESS,2026-10-01,EXISTING
2025CA004311A000BA,FORECLOSURE SALE,FC,Foreclosure Auction (Sale 10/26/2026),2026-10-26,LOPEZ JOCELYN,,6815.62,146 LOBLOLLY LN,Davenport,FL,33837,146 LOBLOLLY LN,Davenport,FL,33837,"Auction 10/26/2026 | Parcel 272710733518000390 | Assessed $244,588.00 Plaintiff Max Bid: Hidden &nbsp;",https://polk.realforeclose.com/index.cfm?zaction=AUCTION&Zmethod=PREVIEW&AUCTIONDATE=10/26/2026,60,FORECLOSURE|NEW_THIS_WEEK|HAS_ADDRESS,2026-10-01,EXISTING
2026CC007711A000BA,FORECLOSURE SALE,FC,Foreclosure Auction (Sale 10/27/2026),2026-10-27,SYLVESTER DANIEL T,,23675.55,1755 ROYAL RIDGE DR,Davenport,FL,33896,1755 ROYAL RIDGE DR,Davenport,FL,33896,"Auction 10/27/2026 | Parcel 272601700503002560 | Assessed $307,060.00 Plaintiff Max Bid: Hidden &nbsp;",https://polk.realforeclose.com/index.cfm?zaction=AUCTION&Zmethod=PREVIEW&AUCTIONDATE=10/27/2026,60,FORECLOSURE|NEW_THIS_WEEK|HAS_ADDRESS,2026-10-01,EXISTING
2026CA001172A000BA,FORECLOSURE SALE,FC,Foreclosure Auction (Sale 10/28/2026),2026-10-28,THOMPSON EARLENE,,34024.53,4819 SHADYGLEN DR,Lakeland,FL,33810,4819 SHADYGLEN DR,Lakeland,FL,33810,"Auction 10/28/2026 | Parcel 232728011011000661 | Assessed $73,734.00 Plaintiff Max Bid: Hidden &nbsp;",https://polk.realforeclose.com/index.cfm?zaction=AUCTION&Zmethod=PREVIEW&AUCTIONDATE=10/28/2026,60,FORECLOSURE|NEW_THIS_WEEK|HAS_ADDRESS,2026-10-01,EXISTING
2024CA004043000000,FORECLOSURE SALE,FC,Foreclosure Auction (Sale 10/29/2026),2026-10-29,CARTEGENIA CARMEN D,,38420.83,409 EAGLE DR,Poinciana,FL,34759,409 EAGLE DR,Poinciana,FL,34759,"Auction 10/29/2026 | Parcel 282725934060076920 | Assessed $55,219.00 Plaintiff Max Bid: Hidden &nbsp;",https://polk.realforeclose.com/index.cfm?zaction=AUCTION&Zmethod=PREVIEW&AUCTIONDATE=10/29/2026,60,FORECLOSURE|NEW_THIS_WEEK|HAS_ADDRESS,2026-10-01,EXISTING
2026CC000622A000BA,FORECLOSURE SALE,FC,Foreclosure Auction (Sale 10/30/2026),2026-10-30,PEREZ VANESSA,,6207.64,819 SUNSET COVE DR,Winter Haven,FL,33880,819 SUNSET COVE DR,Winter Haven,FL,33880,"Auction 10/30/2026 | Parcel 252836355256000090 | Assessed $228,412.00 Plaintiff Max Bid: Hidden &nbsp;",https://polk.realforeclose.com/index.cfm?zaction=AUCTION&Zmethod=PREVIEW&AUCTIONDATE=10/30/2026,60,FORECLOSURE|NEW_THIS_WEEK|HAS_ADDRESS,2026-10-06,EXISTING
2026CC000773A000BA,FORECLOSURE SALE,FC,Foreclosure Auction (Sale 10/30/2026),2026-10-30,YACOUB SHAREEF SALAH,,5537.87,7243 STANFORD DR,Lakeland,FL,33809,7243 STANFORD DR,Lakeland,FL,33809,"Auction 10/30/2026 | Parcel 242716161092001120 | Assessed $244,499.00 Plaintiff Max Bid: Hidden &nbsp;",https://polk.realforeclose.com/index.cfm?zaction=AUCTION&Zmethod=PREVIEW&AUCTIONDATE=10/30/2026,60,FORECLOSURE|NEW_THIS_WEEK|HAS_ADDRESS,2026-10-06,EXISTING
2026CA000211A000BA,FORECLOSURE SALE,FC,Foreclosure Auction (Sale 11/02/2026),2026-11-02,COUCH MARK A,,46994.98,200 EL CAMINO DR APT 409,Winter Haven,FL,33884,200 EL CAMINO DR APT 409,Winter Haven,FL,33884,"Auction 11/02/2026 | Parcel 262835662520004090 | Assessed $45,606.00 Plaintiff Max Bid: Hidden &nbsp;",https://polk.realforeclose.com/index.cfm?zaction=AUCTION&Zmethod=PREVIEW&AUCTIONDATE=11/02/2026,60,FORECLOSURE|NEW_THIS_WEEK|HAS_ADDRESS,2026-10-06,EXISTING
2026CA000710A000BA,FORECLOSURE SALE,FC,Foreclosure Auction (Sale 11/02/2026),2026-11-02,COLLAZO LUIS XAVIER VARGAS,,13703.47,2888 WHISPERING TRAILS DR,Winter Haven,FL,33884,2888 WHISPERING TRAILS DR,Winter Haven,FL,33884,"Auction 11/02/2026 | Parcel 272830850002002170 | Assessed $143,434.00 Plaintiff Max Bid: Hidden &nbsp;",https://polk.realforeclose.com/index.cfm?zaction=AUCTION&Zmethod=PREVIEW&AUCTIONDATE=11/02/2026,60,FORECLOSURE|NEW_THIS_WEEK|HAS_ADDRESS,2026-10-06,EXISTING
2026CA001703A000BA,FORECLOSURE SALE,FC,Foreclosure Auction (Sale 11/02/2026),2026-11-02,DE JESUS YARICELI,,21976.23,733 DROMEDARY DR,Poinciana,FL,34759,733 DROMEDARY DR,Poinciana,FL,34759,"Auction 11/02/2026 | Parcel 282724934010128010 | Assessed $232,714.00 Plaintiff Max Bid: Hidden &nbsp;",https://polk.realforeclose.com/index.cfm?zaction=AUCTION&Zmethod=PREVIEW&AUCTIONDATE=11/02/2026,60,FORECLOSURE|NEW_THIS_WEEK|HAS_ADDRESS,2026-10-06,EXISTING
00190-2026,TAX DEED SALE,TAXDEED,Tax Deed Auction (Sale 10/15/2026),2026-10-15,AVILES FRANCISCO,,66351.42,38 ROELS ST HAINES CITY,Fl- 33844 &Nbsp;,FL,,38 ROELS ST,Haines City,FL,33844,Auction 10/15/2026 | Parcel 272822834550001140 | Assessed n/a,https://polk.realtaxdeed.com/index.cfm?zaction=AUCTION&Zmethod=PREVIEW&AUCTIONDATE=10/15/2026,60,TAX_DEED|MID_AMOUNT|NEW_THIS_WEEK|HAS_ADDRESS,2026-09-24,EXISTING
00226-2026,TAX DEED SALE,TAXDEED,Tax Deed Auction (Sale 11/19/2026),2026-11-19,JOHNSON WILLIAM T,,80838.36,428 BULLARD AVE E LAKE WALES,Fl- 33853 &Nbsp;,FL,,428 E BULLARD AVE,Lake Wales,FL,33853,Auction 11/19/2026 | Parcel 273001883000051050 | Assessed n/a,https://polk.realtaxdeed.com/index.cfm?zaction=AUCTION&Zmethod=PREVIEW&AUCTIONDATE=11/19/2026,60,TAX_DEED|MID_AMOUNT|NEW_THIS_WEEK|HAS_ADDRESS,2026-10-01,EXISTING
00257-2026,TAX DEED SALE,TAXDEED,Tax Deed Auction (Sale 11/19/2026),2026-11-19,NYIRENDA MARIA ATUKUZWE,,50396.92,5653 HARRELLS NURSERY RD LAKELAND,Fl- 33803 &Nbsp;,FL,,6012 CASON WAY,Lakeland,FL,33812,Auction 11/19/2026 | Parcel 242916284551000380 | Assessed n/a,https://polk.realtaxdeed.com/index.cfm?zaction=AUCTION&Zmethod=PREVIEW&AUCTIONDATE=11/19/2026,60,TAX_DEED|MID_AMOUNT|NEW_THIS_WEEK|HAS_ADDRESS,2026-10-01,EXISTING
00137-2026,TAX DEED SALE,TAXDEED,Tax Deed Auction (Sale 10/15/2026),2026-10-15,SMITH HELEN M,,8719.28,4110 TABOR LN,Lakeland,FL,33810,4110 TABOR LN,Lakeland,FL,33810,"Auction 10/15/2026 | Parcel 232733000000014023 | Assessed $74,243.00 &nbsp;",https://polk.realtaxdeed.com/index.cfm?zaction=AUCTION&Zmethod=PREVIEW&AUCTIONDATE=10/15/2026,50,TAX_DEED|NEW_THIS_WEEK|HAS_ADDRESS,2026-09-24,EXISTING
00147-2026,TAX DEED SALE,TAXDEED,Tax Deed Auction (Sale 10/15/2026),2026-10-15,MOTT MICHAEL P,,5798.52,3909 AVENUE O NW,Winter Haven,FL,33881,11176 DEMILLE RD,Polk City,FL,33868,"Auction 10/15/2026 | Parcel 252824349500000050 | Assessed $26,850.00 &nbsp;",https://polk.realtaxdeed.com/index.cfm?zaction=AUCTION&Zmethod=PREVIEW&AUCTIONDATE=10/15/2026,50,TAX_DEED|NEW_THIS_WEEK|HAS_ADDRESS,2026-09-24,EXISTING
00150-2026,TAX DEED SALE,TAXDEED,Tax Deed Auction (Sale 10/15/2026),2026-10-15,REED ROBERT W ESTATE OF,,5265.15,3625 BERKLEY RD,Auburndale,FL,33823,3625 BERKLEY RD,Auburndale,FL,33823,"Auction 10/15/2026 | Parcel 252721000000044040 | Assessed $58,471.00 &nbsp;",https://polk.realtaxdeed.com/index.cfm?zaction=AUCTION&Zmethod=PREVIEW&AUCTIONDATE=10/15/2026,50,TAX_DEED|NEW_THIS_WEEK|HAS_ADDRESS,2026-09-24,EXISTING
00152-2026,TAX DEED SALE,TAXDEED,Tax Deed Auction (Sale 10/15/2026),2026-10-15,CHIASSON JON,,4212.96,HWY,60 E Mulberry,FL,33860,PO BOX 6217,Lakeland,FL,33807,"Auction 10/15/2026 | Parcel 243008000000033060 | Assessed $62,364.00 &nbsp;",https://polk.realtaxdeed.com/index.cfm?zaction=AUCTION&Zmethod=PREVIEW&AUCTIONDATE=10/15/2026,50,TAX_DEED|NEW_THIS_WEEK|HAS_ADDRESS,2026-09-24,EXISTING
00154-2026,TAX DEED SALE,TAXDEED,Tax Deed Auction (Sale 10/15/2026),2026-10-15,CHIASSON PROPERTIES LLC,,7788.54,403 CLEVELAND ST,A-C Auburndale,FL,33823,PO BOX 6217,Lakeland,FL,33807,"Auction 10/15/2026 | Parcel 252811000000023055 | Assessed $53,703.00 &nbsp;",https://polk.realtaxdeed.com/index.cfm?zaction=AUCTION&Zmethod=PREVIEW&AUCTIONDATE=10/15/2026,50,TAX_DEED|NEW_THIS_WEEK|HAS_ADDRESS,2026-09-24,EXISTING
00155-2026,TAX DEED SALE,TAXDEED,Tax Deed Auction (Sale 10/15/2026),2026-10-15,CHIASSON JON L,,4782.55,302 CAMELIA LN,Auburndale,FL,33823,PO BOX 6217,Lakeland,FL,33807,"Auction 10/15/2026 | Parcel 252811337800008083 | Assessed $19,610.00 &nbsp;",https://polk.realtaxdeed.com/index.cfm?zaction=AUCTION&Zmethod=PREVIEW&AUCTIONDATE=10/15/2026,50,TAX_DEED|NEW_THIS_WEEK|HAS_ADDRESS,2026-09-24,EXISTING
00156-2026,TAX DEED SALE,TAXDEED,Tax Deed Auction (Sale 10/15/2026),2026-10-15,CHIASSON PROPERTIES LLC,,6781.01,212 KAYLOR DR,Auburndale,FL,33823,PO BOX 6217,Lakeland,FL,33807,"Auction 10/15/2026 | Parcel 252812339210000100 | Assessed $40,538.00 &nbsp;",https://polk.realtaxdeed.com/index.cfm?zaction=AUCTION&Zmethod=PREVIEW&AUCTIONDATE=10/15/2026,50,TAX_DEED|NEW_THIS_WEEK|HAS_ADDRESS,2026-09-24,EXISTING
00157-2026,TAX DEED SALE,TAXDEED,Tax Deed Auction (Sale 10/15/2026),2026-10-15,JONES HERB,,5393.21,1819 HWY 630,Fort Meade,FL,33841,1819 STATE ROAD 630 W,Fort Meade,FL,33841,"Auction 10/15/2026 | Parcel 253132000000011080 | Assessed $42,030.00 &nbsp;",https://polk.realtaxdeed.com/index.cfm?zaction=AUCTION&Zmethod=PREVIEW&AUCTIONDATE=10/15/2026,50,TAX_DEED|NEW_THIS_WEEK|HAS_ADDRESS,2026-09-24,EXISTING
00158-2026,TAX DEED SALE,TAXDEED,Tax Deed Auction (Sale 10/15/2026),2026-10-15,WIESSNER JEFFREY A,,4184.4,6443 HOLLYBERRY LN NE,Winter Haven,FL,33881,10359 KEY WEST,Portage,FL,49024,"Auction 10/15/2026 | Parcel 262801521030004260 | Assessed $103,979.00 &nbsp;",https://polk.realtaxdeed.com/index.cfm?zaction=AUCTION&Zmethod=PREVIEW&AUCTIONDATE=10/15/2026,50,TAX_DEED|NEW_THIS_WEEK|HAS_ADDRESS,2026-09-24,EXISTING
00161-2026,TAX DEED SALE,TAXDEED,Tax Deed Auction (Sale 10/15/2026),2026-10-15,GASKINS TIMOTHY KELVIN ESTATE,,6896.65,8431 LAKE LOWERY RD,Haines City,FL,33844,435 MAULTSBY LN,Lake Alfred,FL,33850,"Auction 10/15/2026 | Parcel 262715000000043110 | Assessed $53,287.00 &nbsp;",https://polk.realtaxdeed.com/index.cfm?zaction=AUCTION&Zmethod=PREVIEW&AUCTIONDATE=10/15/2026,50,TAX_DEED|NEW_THIS_WEEK|HAS_ADDRESS,2026-09-24,EXISTING
00168-2026,TAX DEED SALE,TAXDEED,Tax Deed Auction (Sale 10/15/2026),2026-10-15,WILLIAMS YAZMINE C,,5903.39,1001 TANGERINE ST,Haines City,FL,33844,136 PEAR AVE APT 136,Frostproof,FL,33843,"Auction 10/15/2026 | Parcel 272809000000024150 | Assessed $35,170.00 &nbsp;",https://polk.realtaxdeed.com/index.cfm?zaction=AUCTION&Zmethod=PREVIEW&AUCTIONDATE=10/15/2026,50,TAX_DEED|NEW_THIS_WEEK|HAS_ADDRESS,2026-09-24,EXISTING
00169-2026,TAX DEED SALE,TAXDEED,Tax Deed Auction (Sale 10/15/2026),2026-10-15,SCHILLING LEROY M ESTATE OF,,7243.58,239 1ST AVE N,Lake Wales,FL,33859,239 1ST AVE N,Lake Wales,FL,33859,"Auction 10/15/2026 | Parcel 273035928520000250 | Assessed $73,649.00 &nbsp;",https://polk.realtaxdeed.com/index.cfm?zaction=AUCTION&Zmethod=PREVIEW&AUCTIONDATE=10/15/2026,50,TAX_DEED|NEW_THIS_WEEK|HAS_ADDRESS,2026-09-24,EXISTING
00170-2026,TAX DEED SALE,TAXDEED,Tax Deed Auction (Sale 10/15/2026),2026-10-15,MOTILALL ROHAN,,6552.5,STEWARD RD,Lake Wales,FL,33898,3818 ILLONA LN,Oceanside,FL,11572,"Auction 10/15/2026 | Parcel 272835000000041120 | Assessed $72,401.00 &nbsp;",https://polk.realtaxdeed.com/index.cfm?zaction=AUCTION&Zmethod=PREVIEW&AUCTIONDATE=10/15/2026,50,TAX_DEED|NEW_THIS_WEEK|HAS_ADDRESS,2026-09-24,EXISTING
00171-2026,TAX DEED SALE,TAXDEED,Tax Deed Auction (Sale 10/15/2026),2026-10-15,RUSSELL PATRICK DONALD,,5846.09,554 ELLISON PKWY,Haines City,FL,33844,554 ELLISON PKWY,Haines City,FL,33844,"Auction 10/15/2026 | Parcel 272725757862000140 | Assessed $46,002.00 &nbsp;",https://polk.realtaxdeed.com/index.cfm?zaction=AUCTION&Zmethod=PREVIEW&AUCTIONDATE=10/15/2026,50,TAX_DEED|NEW_THIS_WEEK|HAS_ADDRESS,2026-09-24,EXISTING
00174-2026,TAX DEED SALE,TAXDEED,Tax Deed Auction (Sale 10/15/2026),2026-10-15,CHIASSON PROPERTIES LLC,,5958.58,820 NW 26TH ST,Winter Haven,FL,33880,PO BOX 6217,Lakeland,FL,33807,"Auction 10/15/2026 | Parcel 262819553671001050 | Assessed $38,903.00 &nbsp;",https://polk.realtaxdeed.com/index.cfm?zaction=AUCTION&Zmethod=PREVIEW&AUCTIONDATE=10/15/2026,50,TAX_DEED|NEW_THIS_WEEK|HAS_ADDRESS,2026-09-24,EXISTING
00175-2026,TAX DEED SALE,TAXDEED,Tax Deed Auction (Sale 10/15/2026),2026-10-15,BARRETT CATHY,,4528.31,5635 COUNTY ROAD 547,Davenport,FL,33837,5635 COUNTY ROAD 547 N,Davenport,FL,33837,"Auction 10/15/2026 | Parcel 272612000000043040 | Assessed $51,469.00 &nbsp;",https://polk.realtaxdeed.com/index.cfm?zaction=AUCTION&Zmethod=PREVIEW&AUCTIONDATE=10/15/2026,50,TAX_DEED|NEW_THIS_WEEK|HAS_ADDRESS,2026-09-24,EXISTING
00184-2026,TAX DEED SALE,TAXDEED,Tax Deed Auction (Sale 10/15/2026),2026-10-15,SABALA AURELIO JR,,2106.24,AMERICAN WAY,Frostproof,FL,33843,1351 MCCLELLAN RD,Frostproof,FL,33843,"Auction 10/15/2026 | Parcel 273212932575000680 | Assessed $28,763.00 &nbsp;",https://polk.realtaxdeed.com/index.cfm?zaction=AUCTION&Zmethod=PREVIEW&AUCTIONDATE=10/15/2026,50,TAX_DEED|NEW_THIS_WEEK|HAS_ADDRESS,2026-09-24,EXISTING
00191-2026,TAX DEED SALE,TAXDEED,Tax Deed Auction (Sale 10/15/2026),2026-10-15,SWIFT PHYLLIS D ESTATE OF,,7047.74,350 CALOOSA CT,Lake Wales,FL,33859,350 CALOOSA CT,Lake Wales,FL,33859,"Auction 10/15/2026 | Parcel 273035000000012010 | Assessed $59,978.00 &nbsp;",https://polk.realtaxdeed.com/index.cfm?zaction=AUCTION&Zmethod=PREVIEW&AUCTIONDATE=10/15/2026,50,TAX_DEED|NEW_THIS_WEEK|HAS_ADDRESS,2026-09-24,EXISTING
00196-2026,TAX DEED SALE,TAXDEED,Tax Deed Auction (Sale 10/15/2026),2026-10-15,BRIAND TONYA KRISANN HULSEY,,7575.26,2524 PERCH DR,Lake Wales,FL,33898,2919 TJ MITCHELL RD,Bonifay,FL,32425,"Auction 10/15/2026 | Parcel 282908000000044099 | Assessed $86,546.00 &nbsp;",https://polk.realtaxdeed.com/index.cfm?zaction=AUCTION&Zmethod=PREVIEW&AUCTIONDATE=10/15/2026,50,TAX_DEED|NEW_THIS_WEEK|HAS_ADDRESS,2026-09-24,EXISTING
01091-2025,TAX DEED SALE,TAXDEED,Tax Deed Auction (Sale 10/15/2026),2026-10-15,PETRY JOHN JOSEPH JR,,1213.08,POYNER OAKS RD,N,FL,,2008 ELDEN DR,South Abington Township,FL,18411,"Auction 10/15/2026 | Parcel 242514000000021040 | Assessed $1,006.00 &nbsp;",https://polk.realtaxdeed.com/index.cfm?zaction=AUCTION&Zmethod=PREVIEW&AUCTIONDATE=10/15/2026,50,TAX_DEED|NEW_THIS_WEEK|HAS_ADDRESS,2026-09-24,EXISTING
00127-2026,TAX DEED SALE,TAXDEED,Tax Deed Auction (Sale 10/15/2026),2026-10-15,EVANS KERRY T,,25596.34,4392 RAMBLEWOOD S,Mulberry,FL,33860,6933 NEWMAN CIR W,Lakeland,FL,33811,"Auction 10/15/2026 | Parcel 232929142140000420 | Assessed $41,008.00 &nbsp;",https://polk.realtaxdeed.com/index.cfm?zaction=AUCTION&Zmethod=PREVIEW&AUCTIONDATE=10/15/2026,50,TAX_DEED|NEW_THIS_WEEK|HAS_ADDRESS,2026-09-24,EXISTING
00151-2026,TAX DEED SALE,TAXDEED,Tax Deed Auction (Sale 10/15/2026),2026-10-15,CORE CONTRACTING GROUP LLC,,7282.43,118 FLORIDA AVE AUBURNDALE,Fl- 33823 &Nbsp;,FL,,313 COMMERCE CT,Winter Haven,FL,33880,Auction 10/15/2026 | Parcel 252804319001015110 | Assessed n/a,https://polk.realtaxdeed.com/index.cfm?zaction=AUCTION&Zmethod=PREVIEW&AUCTIONDATE=10/15/2026,50,TAX_DEED|NEW_THIS_WEEK|HAS_ADDRESS,2026-09-24,EXISTING
00160-2026,TAX DEED SALE,TAXDEED,Tax Deed Auction (Sale 10/15/2026),2026-10-15,STANLEY KIMBERLEE L,,19798.24,6160 ALTURAS BABSON PARK CUTOF,Bartow,FL,33830,6160 ALT BAB PK CUT OFF RD,Bartow,FL,33830,"Auction 10/15/2026 | Parcel 263019000000021080 | Assessed $31,880.00 &nbsp;",https://polk.realtaxdeed.com/index.cfm?zaction=AUCTION&Zmethod=PREVIEW&AUCTIONDATE=10/15/2026,50,TAX_DEED|NEW_THIS_WEEK|HAS_ADDRESS,2026-09-24,EXISTING
00165-2026,TAX DEED SALE,TAXDEED,Tax Deed Auction (Sale 10/15/2026),2026-10-15,BOURQUE LORI A,,3982.58,7057 FAIRVIEW VILLAGE,Winter Haven,FL,33881,7036 FAIRVIEW VILLAGE CIR,Winter Haven,FL,33881,"Auction 10/15/2026 | Parcel 262801521010000520 | Assessed $28,679.00 &nbsp;",https://polk.realtaxdeed.com/index.cfm?zaction=AUCTION&Zmethod=PREVIEW&AUCTIONDATE=10/15/2026,50,TAX_DEED|NEW_THIS_WEEK|HAS_ADDRESS,2026-09-24,EXISTING
00166-2026,TAX DEED SALE,TAXDEED,Tax Deed Auction (Sale 10/15/2026),2026-10-15,CLEMENTE ERICA,,3365.34,2050 THELMA DR LAKE ALFRED,Fl- 33850 &Nbsp;,FL,,11 CARROUSEL LN,Trenton,FL,8619,Auction 10/15/2026 | Parcel 262806527020002010 | Assessed n/a,https://polk.realtaxdeed.com/index.cfm?zaction=AUCTION&Zmethod=PREVIEW&AUCTIONDATE=10/15/2026,50,TAX_DEED|NEW_THIS_WEEK|HAS_ADDRESS,2026-09-24,EXISTING
00167-2026,TAX DEED SALE,TAXDEED,Tax Deed Auction (Sale 10/15/2026),2026-10-15,LOPEZ ESTRADA ROGELIO,,3523.84,124 PALMETTO RIDGE DR,Winter Haven,FL,33880,418 E FREDERICK AVE,Dundee,FL,33838,"Auction 10/15/2026 | Parcel 262928000000031020 | Assessed $48,577.00 &nbsp;",https://polk.realtaxdeed.com/index.cfm?zaction=AUCTION&Zmethod=PREVIEW&AUCTIONDATE=10/15/2026,50,TAX_DEED|NEW_THIS_WEEK|HAS_ADDRESS,2026-09-24,EXISTING
00173-2026,TAX DEED SALE,TAXDEED,Tax Deed Auction (Sale 10/15/2026),2026-10-15,DIAZ JUAN LUIS,,4799.27,302 JOHN ST FROSTPROOF,Fl- 33843 &Nbsp;,FL,,302 JOHN ST,Frostproof,FL,33843,Auction 10/15/2026 | Parcel 273202932000030190 | Assessed n/a,https://polk.realtaxdeed.com/index.cfm?zaction=AUCTION&Zmethod=PREVIEW&AUCTIONDATE=10/15/2026,50,TAX_DEED|NEW_THIS_WEEK|HAS_ADDRESS,2026-09-24,EXISTING
00176-2026,TAX DEED SALE,TAXDEED,Tax Deed Auction (Sale 10/15/2026),2026-10-15,GARCIA JORGE LUIS,,12206.1,3251 SHAMROCK DR E HAINES CITY,Fl- 33844 &Nbsp;,FL,,3251 SHAMROCK DR E,Haines City,FL,33844,Auction 10/15/2026 | Parcel 272715739500041903 | Assessed n/a,https://polk.realtaxdeed.com/index.cfm?zaction=AUCTION&Zmethod=PREVIEW&AUCTIONDATE=10/15/2026,50,TAX_DEED|NEW_THIS_WEEK|HAS_ADDRESS,2026-09-24,EXISTING
00179-2026,TAX DEED SALE,TAXDEED,Tax Deed Auction (Sale 10/15/2026),2026-10-15,SIMPSON T C ESTATE OF,,9614.27,1901 BARTLEY ST N,Haines City,FL,33844,1901 BARTLEY ST,Haines City,FL,33844,"Auction 10/15/2026 | Parcel 272721753000000440 | Assessed $82,200.00 &nbsp;",https://polk.realtaxdeed.com/index.cfm?zaction=AUCTION&Zmethod=PREVIEW&AUCTIONDATE=10/15/2026,50,TAX_DEED|NEW_THIS_WEEK|HAS_ADDRESS,2026-09-24,EXISTING
00180-2026,TAX DEED SALE,TAXDEED,Tax Deed Auction (Sale 10/15/2026),2026-10-15,TORRES ALFONSO,,4017.74,FAZZINI DR FROSTPROOF,Fl- 33843 &Nbsp;,FL,,PO BOX 891,Frostproof,FL,33843,Auction 10/15/2026 | Parcel 273202932501000250 | Assessed n/a,https://polk.realtaxdeed.com/index.cfm?zaction=AUCTION&Zmethod=PREVIEW&AUCTIONDATE=10/15/2026,50,TAX_DEED|NEW_THIS_WEEK|HAS_ADDRESS,2026-09-24,EXISTING
00182-2026,TAX DEED SALE,TAXDEED,Tax Deed Auction (Sale 10/15/2026),2026-10-15,BAXTER CHARLES,,2636.97,PG HARRISON RD,Frostproof,FL,33843,3230 6TH AVE N,Saint Petersburg,FL,33713,"Auction 10/15/2026 | Parcel 273209932551000040 | Assessed $24,553.00 &nbsp;",https://polk.realtaxdeed.com/index.cfm?zaction=AUCTION&Zmethod=PREVIEW&AUCTIONDATE=10/15/2026,50,TAX_DEED|NEW_THIS_WEEK|HAS_ADDRESS,2026-09-24,EXISTING
00183-2026,TAX DEED SALE,TAXDEED,Tax Deed Auction (Sale 10/15/2026),2026-10-15,TORRES ALFONSO,,17884.2,35 FERGUSON LN FROSTPROOF,Fl- 33843 &Nbsp;,FL,,PO BOX 891,Frostproof,FL,33843,Auction 10/15/2026 | Parcel 273211932553000780 | Assessed n/a,https://polk.realtaxdeed.com/index.cfm?zaction=AUCTION&Zmethod=PREVIEW&AUCTIONDATE=10/15/2026,50,TAX_DEED|NEW_THIS_WEEK|HAS_ADDRESS,2026-09-24,EXISTING
00187-2026,TAX DEED SALE,TAXDEED,Tax Deed Auction (Sale 10/15/2026),2026-10-15,DESILVA JOHN,,2584.34,392 CIMARRON CT,Poinciana,FL,34759,11 3RD ST,Middletown,FL,10940,"Auction 10/15/2026 | Parcel 282815935360037140 | Assessed $12,708.00 &nbsp;",https://polk.realtaxdeed.com/index.cfm?zaction=AUCTION&Zmethod=PREVIEW&AUCTIONDATE=10/15/2026,50,TAX_DEED|NEW_THIS_WEEK|HAS_ADDRESS,2026-09-24,EXISTING
00189-2026,TAX DEED SALE,TAXDEED,Tax Deed Auction (Sale 10/15/2026),2026-10-15,TYLER RUSSELL CHRYSTAL RENEE,,7718.69,2222 SNELL CREEK RD,Davenport,FL,33837,2222 SNELL CREEK RD,Davenport,FL,33837,"Auction 10/15/2026 | Parcel 272711000000022060 | Assessed $76,969.00 &nbsp;",https://polk.realtaxdeed.com/index.cfm?zaction=AUCTION&Zmethod=PREVIEW&AUCTIONDATE=10/15/2026,50,TAX_DEED|NEW_THIS_WEEK|HAS_ADDRESS,2026-09-24,EXISTING
00195-2026,TAX DEED SALE,TAXDEED,Tax Deed Auction (Sale 10/15/2026),2026-10-15,SPLASH BROS MULTI SERVICE LLC,,3734.51,507 WASHINGTON AVE LAKE WALES,Fl- 33853 &Nbsp;,FL,,761 BURLWOOD ST,Brandon,FL,33511,Auction 10/15/2026 | Parcel 272934873500001112 | Assessed n/a,https://polk.realtaxdeed.com/index.cfm?zaction=AUCTION&Zmethod=PREVIEW&AUCTIONDATE=10/15/2026,50,TAX_DEED|NEW_THIS_WEEK|HAS_ADDRESS,2026-09-24,EXISTING
00192-2026,TAX DEED SALE,TAXDEED,Tax Deed Auction (Sale 11/19/2026),2026-11-19,JOHNSON REGINA WASHINGTON,,5503.14,387 ROBINSON AVE LAKE WALES,Fl- 33859 &Nbsp;,FL,,PO BOX 176,Waverly,FL,33877,Auction 11/19/2026 | Parcel 272909857300000170 | Assessed n/a,https://polk.realtaxdeed.com/index.cfm?zaction=AUCTION&Zmethod=PREVIEW&AUCTIONDATE=11/19/2026,50,TAX_DEED|NEW_THIS_WEEK|HAS_ADDRESS,2026-10-01,EXISTING
00193-2026,TAX DEED SALE,TAXDEED,Tax Deed Auction (Sale 11/19/2026),2026-11-19,GOODMAN EVELYN ESTATE OF,,6658.29,523 1ST AVE LAKE WALES,Fl- 33859 &Nbsp;,FL,,PO BOX 230,Waverly,FL,33877,Auction 11/19/2026 | Parcel 272909857800000090 | Assessed n/a,https://polk.realtaxdeed.com/index.cfm?zaction=AUCTION&Zmethod=PREVIEW&AUCTIONDATE=11/19/2026,50,TAX_DEED|NEW_THIS_WEEK|HAS_ADDRESS,2026-10-01,EXISTING
00199-2026,TAX DEED SALE,TAXDEED,Tax Deed Auction (Sale 11/19/2026),2026-11-19,1336 HOMOSASSA COURT LAND TRUS,,3887.11,1336 HOMOSASSA CT POINCIANA,Fl- 34759 &Nbsp;,FL,,3564 AVLN PK E BLVD STE 1 PMB 245,Orlando,FL,32828,Auction 11/19/2026 | Parcel 282733934460451070 | Assessed n/a,https://polk.realtaxdeed.com/index.cfm?zaction=AUCTION&Zmethod=PREVIEW&AUCTIONDATE=11/19/2026,50,TAX_DEED|NEW_THIS_WEEK|HAS_ADDRESS,2026-10-01,EXISTING
00200-2026,TAX DEED SALE,TAXDEED,Tax Deed Auction (Sale 11/19/2026),2026-11-19,PROJECTOTRES LLC,,3719.97,1223 BALTIC DR POINCIANA,Fl- 34759 &Nbsp;,FL,,PO BOX 580301,Kissimmee,FL,34758,Auction 11/19/2026 | Parcel 282733934460490040 | Assessed n/a,https://polk.realtaxdeed.com/index.cfm?zaction=AUCTION&Zmethod=PREVIEW&AUCTIONDATE=11/19/2026,50,TAX_DEED|NEW_THIS_WEEK|HAS_ADDRESS,2026-10-01,EXISTING
00201-2026,TAX DEED SALE,TAXDEED,Tax Deed Auction (Sale 11/19/2026),2026-11-19,CLAYTON SHELTON,,7880.79,304 MAXCY DR FROSTPROOF,Fl- 33843 &Nbsp;,FL,,12324 PAPER BIRCH LN,Orlando,FL,32824,Auction 11/19/2026 | Parcel 283208000000034200 | Assessed n/a,https://polk.realtaxdeed.com/index.cfm?zaction=AUCTION&Zmethod=PREVIEW&AUCTIONDATE=11/19/2026,50,TAX_DEED|NEW_THIS_WEEK|HAS_ADDRESS,2026-10-01,EXISTING
00202-2026,TAX DEED SALE,TAXDEED,Tax Deed Auction (Sale 11/19/2026),2026-11-19,JONES RACHEAL L,,20967.17,7873 CAMP MACK RD LAKE WALES,Fl- 33898 &Nbsp;,FL,,7873 CAMP MACK RD,Lake Wales,FL,33898,Auction 11/19/2026 | Parcel 292930991750002170 | Assessed n/a,https://polk.realtaxdeed.com/index.cfm?zaction=AUCTION&Zmethod=PREVIEW&AUCTIONDATE=11/19/2026,50,TAX_DEED|NEW_THIS_WEEK|HAS_ADDRESS,2026-10-01,EXISTING
00204-2026,TAX DEED SALE,TAXDEED,Tax Deed Auction (Sale 11/19/2026),2026-11-19,PALAWSKI JAMES J,,1342.5,PANDORA DR INDIAN LAKE ESTATES,Fl- 33855 &Nbsp;,FL,,PO BOX 10008,Bradenton,FL,34282,Auction 11/19/2026 | Parcel 293112994060023718 | Assessed n/a,https://polk.realtaxdeed.com/index.cfm?zaction=AUCTION&Zmethod=PREVIEW&AUCTIONDATE=11/19/2026,50,TAX_DEED|NEW_THIS_WEEK|HAS_ADDRESS,2026-10-01,EXISTING
00205-2026,TAX DEED SALE,TAXDEED,Tax Deed Auction (Sale 11/19/2026),2026-11-19,MAQ GROUP,,1398.35,IXORA DR INDIAN LAKE ESTATES,Fl- 33855 &Nbsp;,FL,,6221 W ATLANTIC BLVD,Margate,FL,33063,Auction 11/19/2026 | Parcel 303105994000007123 | Assessed n/a,https://polk.realtaxdeed.com/index.cfm?zaction=AUCTION&Zmethod=PREVIEW&AUCTIONDATE=11/19/2026,50,TAX_DEED|NEW_THIS_WEEK|HAS_ADDRESS,2026-10-01,EXISTING
00207-2026,TAX DEED SALE,TAXDEED,Tax Deed Auction (Sale 11/19/2026),2026-11-19,ESTRADA REGINA,,1324.48,GARDENIA DR INDIAN LAKE ESTATES,Fl- 33855 &Nbsp;,FL,,4707 CARE DR,Alexandria,FL,22310,Auction 11/19/2026 | Parcel 293112994060021507 | Assessed n/a,https://polk.realtaxdeed.com/index.cfm?zaction=AUCTION&Zmethod=PREVIEW&AUCTIONDATE=11/19/2026,50,TAX_DEED|NEW_THIS_WEEK|HAS_ADDRESS,2026-10-01,EXISTING
00209-2026,TAX DEED SALE,TAXDEED,Tax Deed Auction (Sale 11/19/2026),2026-11-19,MAQ GROUP,,1022.69,POLK CITY,Fl- 33868 &Nbsp;,FL,,6221 W ATLANTIC BLVD,Margate,FL,33063,Auction 11/19/2026 | Parcel 252506000000033300 | Assessed n/a,https://polk.realtaxdeed.com/index.cfm?zaction=AUCTION&Zmethod=PREVIEW&AUCTIONDATE=11/19/2026,50,TAX_DEED|NEW_THIS_WEEK|HAS_ADDRESS,2026-10-01,EXISTING
00212-2026,TAX DEED SALE,TAXDEED,Tax Deed Auction (Sale 11/19/2026),2026-11-19,ELUGARDO AIDA N,,1378.36,SAN JUAN AVE POLK CITY,Fl- 33868 &Nbsp;,FL,,60 N BEALL BLVD RM 314,Debary,FL,32713,Auction 11/19/2026 | Parcel 252506000000043120 | Assessed n/a,https://polk.realtaxdeed.com/index.cfm?zaction=AUCTION&Zmethod=PREVIEW&AUCTIONDATE=11/19/2026,50,TAX_DEED|NEW_THIS_WEEK|HAS_ADDRESS,2026-10-01,EXISTING
00213-2026,TAX DEED SALE,TAXDEED,Tax Deed Auction (Sale 11/19/2026),2026-11-19,BROWN DELMER L,,969.87,WINTER HAVEN,Fl- 33880 &Nbsp;,FL,,4413 IDLEDALE DR,Fort Collins,FL,80526,Auction 11/19/2026 | Parcel 262919000000014280 | Assessed n/a,https://polk.realtaxdeed.com/index.cfm?zaction=AUCTION&Zmethod=PREVIEW&AUCTIONDATE=11/19/2026,50,TAX_DEED|NEW_THIS_WEEK|HAS_ADDRESS,2026-10-01,EXISTING
00218-2026,TAX DEED SALE,TAXDEED,Tax Deed Auction (Sale 11/19/2026),2026-11-19,13 ARGYLE AVE FROSTPROOF LLC,,6744.64,13 ARGYLE AVE FROSTPROOF,Fl- 33843 &Nbsp;,FL,,PO BOX 8099,Tampa,FL,33674,Auction 11/19/2026 | Parcel 283128963800006080 | Assessed n/a,https://polk.realtaxdeed.com/index.cfm?zaction=AUCTION&Zmethod=PREVIEW&AUCTIONDATE=11/19/2026,50,TAX_DEED|NEW_THIS_WEEK|HAS_ADDRESS,2026-10-01,EXISTING
00219-2026,TAX DEED SALE,TAXDEED,Tax Deed Auction (Sale 11/19/2026),2026-11-19,HERNANDEZ BARBARA L,,1621.51,3740 RAULERSON RD LAKELAND,Fl- 33810 &Nbsp;,FL,,1168 VARNADO RD,Groveland,FL,34736,Auction 11/19/2026 | Parcel 232709000000033160 | Assessed n/a,https://polk.realtaxdeed.com/index.cfm?zaction=AUCTION&Zmethod=PREVIEW&AUCTIONDATE=11/19/2026,50,TAX_DEED|NEW_THIS_WEEK|HAS_ADDRESS,2026-10-01,EXISTING
00221-2026,TAX DEED SALE,TAXDEED,Tax Deed Auction (Sale 11/19/2026),2026-11-19,HARRISON DAVID MAXSON,,7917.69,518 KENSINGTON ST LAKELAND,Fl- 33803 &Nbsp;,FL,,518 KENSINGTON ST,Lakeland,FL,33803,Auction 11/19/2026 | Parcel 242831261490008280 | Assessed n/a,https://polk.realtaxdeed.com/index.cfm?zaction=AUCTION&Zmethod=PREVIEW&AUCTIONDATE=11/19/2026,50,TAX_DEED|NEW_THIS_WEEK|HAS_ADDRESS,2026-10-01,EXISTING
00222-2026,TAX DEED SALE,TAXDEED,Tax Deed Auction (Sale 11/19/2026),2026-11-19,JUAREZ ELIAS SANTIAGO,,5748.83,3827 FEATHERWOOD TRL LAKELAND,Fl- 33812 &Nbsp;,FL,,2905 EASTBROOK DR,Lakeland,FL,33811,Auction 11/19/2026 | Parcel 242914283141000160 | Assessed n/a,https://polk.realtaxdeed.com/index.cfm?zaction=AUCTION&Zmethod=PREVIEW&AUCTIONDATE=11/19/2026,50,TAX_DEED|NEW_THIS_WEEK|HAS_ADDRESS,2026-10-01,EXISTING
00224-2026,TAX DEED SALE,TAXDEED,Tax Deed Auction (Sale 11/19/2026),2026-11-19,BOBIER CHERYL A,,7452.79,636 NW AVENUE B WINTER HAVEN,Fl- 33881 &Nbsp;,FL,,1105 W LAKE CANNON DR NW,Winter Haven,FL,33881,Auction 11/19/2026 | Parcel 262829621000052060 | Assessed n/a,https://polk.realtaxdeed.com/index.cfm?zaction=AUCTION&Zmethod=PREVIEW&AUCTIONDATE=11/19/2026,50,TAX_DEED|NEW_THIS_WEEK|HAS_ADDRESS,2026-10-01,EXISTING
00228-2026,TAX DEED SALE,TAXDEED,Tax Deed Auction (Sale 11/19/2026),2026-11-19,CHIASSON PROPERTIES LLC,,5188.77,836 LINCOLN ST N LAKELAND,Fl- 33815 &Nbsp;,FL,,PO BOX 6217,Lakeland,FL,33807,Auction 11/19/2026 | Parcel 232813063500000262 | Assessed n/a,https://polk.realtaxdeed.com/index.cfm?zaction=AUCTION&Zmethod=PREVIEW&AUCTIONDATE=11/19/2026,50,TAX_DEED|NEW_THIS_WEEK|HAS_ADDRESS,2026-10-01,EXISTING
00230-2026,TAX DEED SALE,TAXDEED,Tax Deed Auction (Sale 11/19/2026),2026-11-19,DC MART GROUP INC,,11988.34,907 WABASH AVE N LAKELAND,Fl- 33815 &Nbsp;,FL,,5730 WEST IRLO BRONSON MEMORIAL,Kissimmee,FL,34746,Auction 11/19/2026 | Parcel 232814079500003120 | Assessed n/a,https://polk.realtaxdeed.com/index.cfm?zaction=AUCTION&Zmethod=PREVIEW&AUCTIONDATE=11/19/2026,50,TAX_DEED|NEW_THIS_WEEK|HAS_ADDRESS,2026-10-01,EXISTING
00231-2026,TAX DEED SALE,TAXDEED,Tax Deed Auction (Sale 11/19/2026),2026-11-19,BAKER LILLIAN ESTATE OF,,9491.01,703 3RD ST SE MULBERRY,Fl- 33860 &Nbsp;,FL,,703 SE 3RD ST,Mulberry,FL,33860,Auction 11/19/2026 | Parcel 233012000000031670 | Assessed n/a,https://polk.realtaxdeed.com/index.cfm?zaction=AUCTION&Zmethod=PREVIEW&AUCTIONDATE=11/19/2026,50,TAX_DEED|NEW_THIS_WEEK|HAS_ADDRESS,2026-10-01,EXISTING
00233-2026,TAX DEED SALE,TAXDEED,Tax Deed Auction (Sale 11/19/2026),2026-11-19,GREEN O OPAL,,5850.14,30 BLACKJACK AVE FROSTPROOF,Fl- 33843 &Nbsp;,FL,,109 SW 8TH CT,Frostproof,FL,33843,Auction 11/19/2026 | Parcel 283128965000002210 | Assessed n/a,https://polk.realtaxdeed.com/index.cfm?zaction=AUCTION&Zmethod=PREVIEW&AUCTIONDATE=11/19/2026,50,TAX_DEED|NEW_THIS_WEEK|HAS_ADDRESS,2026-10-01,EXISTING
00234-2026,TAX DEED SALE,TAXDEED,Tax Deed Auction (Sale 11/19/2026),2026-11-19,BARRETT RICHARD MANLEY,,1410.47,OLEANDER DR INDIAN LAKE ESTATES,Fl- 33855 &Nbsp;,FL,,18507 GALWAY AVE,Saint Albans,FL,11412,Auction 11/19/2026 | Parcel 293112994060021704 | Assessed n/a,https://polk.realtaxdeed.com/index.cfm?zaction=AUCTION&Zmethod=PREVIEW&AUCTIONDATE=11/19/2026,50,TAX_DEED|NEW_THIS_WEEK|HAS_ADDRESS,2026-10-01,EXISTING
00235-2026,TAX DEED SALE,TAXDEED,Tax Deed Auction (Sale 11/19/2026),2026-11-19,N RUTH AVE LAND TRUST UNIT 846,,12463.1,846 N RUTH AVE LAKELAND,Fl- 33815 &Nbsp;,FL,,4534 HIGHLAND CREEK DR,Plant City,FL,33567,Auction 11/19/2026 | Parcel 232814084000002010 | Assessed n/a,https://polk.realtaxdeed.com/index.cfm?zaction=AUCTION&Zmethod=PREVIEW&AUCTIONDATE=11/19/2026,50,TAX_DEED|NEW_THIS_WEEK|HAS_ADDRESS,2026-10-01,EXISTING
00237-2026,TAX DEED SALE,TAXDEED,Tax Deed Auction (Sale 11/19/2026),2026-11-19,ODEM VICKY L,,43097.2,3703 PUBLIX RD LAKELAND,Fl- 33810 &Nbsp;,FL,,3703 PUBLIX RD,Lakeland,FL,33810,Auction 11/19/2026 | Parcel 232733000000033075 | Assessed n/a,https://polk.realtaxdeed.com/index.cfm?zaction=AUCTION&Zmethod=PREVIEW&AUCTIONDATE=11/19/2026,50,TAX_DEED|NEW_THIS_WEEK|HAS_ADDRESS,2026-10-01,EXISTING
00243-2026,TAX DEED SALE,TAXDEED,Tax Deed Auction (Sale 11/19/2026),2026-11-19,MARCELIN MEYA,,8881.74,136 FLAMINGO DR AUBURNDALE,Fl- 33823 &Nbsp;,FL,,136 FLAMINGO DR,Auburndale,FL,33823,Auction 11/19/2026 | Parcel 252812338200000840 | Assessed n/a,https://polk.realtaxdeed.com/index.cfm?zaction=AUCTION&Zmethod=PREVIEW&AUCTIONDATE=11/19/2026,50,TAX_DEED|NEW_THIS_WEEK|HAS_ADDRESS,2026-10-01,EXISTING
00244-2026,TAX DEED SALE,TAXDEED,Tax Deed Auction (Sale 11/19/2026),2026-11-19,MAYNARD AMANDA,,6007.3,1708 LAVON ST LAKELAND,Fl- 33805 &Nbsp;,FL,,113 MEADOW CREEK CT,Hampton,FL,30228,Auction 11/19/2026 | Parcel 232811029500002260 | Assessed n/a,https://polk.realtaxdeed.com/index.cfm?zaction=AUCTION&Zmethod=PREVIEW&AUCTIONDATE=11/19/2026,50,TAX_DEED|NEW_THIS_WEEK|HAS_ADDRESS,2026-10-01,EXISTING
00245-2026,TAX DEED SALE,TAXDEED,Tax Deed Auction (Sale 11/19/2026),2026-11-19,MAYNARD AMANDA,,8161.83,1702 LAVON ST LAKELAND,Fl- 33805 &Nbsp;,FL,,113 MEADOW CREEK CT,Hampton,FL,30228,Auction 11/19/2026 | Parcel 232811029500002272 | Assessed n/a,https://polk.realtaxdeed.com/index.cfm?zaction=AUCTION&Zmethod=PREVIEW&AUCTIONDATE=11/19/2026,50,TAX_DEED|NEW_THIS_WEEK|HAS_ADDRESS,2026-10-01,EXISTING
00246-2026,TAX DEED SALE,TAXDEED,Tax Deed Auction (Sale 11/19/2026),2026-11-19,PETERS WAYNE LIONEL,,12005.5,1040 13TH ST W LAKELAND,Fl- 33805 &Nbsp;,FL,,616 W MYRTLE ST,Lakeland,FL,33815,Auction 11/19/2026 | Parcel 232812045500003100 | Assessed n/a,https://polk.realtaxdeed.com/index.cfm?zaction=AUCTION&Zmethod=PREVIEW&AUCTIONDATE=11/19/2026,50,TAX_DEED|NEW_THIS_WEEK|HAS_ADDRESS,2026-10-01,EXISTING
00248-2026,TAX DEED SALE,TAXDEED,Tax Deed Auction (Sale 11/19/2026),2026-11-19,RE OPTIONS LLC,,8912.73,1027 CANAL DR W LAKELAND,Fl- 33801 &Nbsp;,FL,,373 E SHAW AVE PMB 302,Fresno,FL,93710,Auction 11/19/2026 | Parcel 242810178300005120 | Assessed n/a,https://polk.realtaxdeed.com/index.cfm?zaction=AUCTION&Zmethod=PREVIEW&AUCTIONDATE=11/19/2026,50,TAX_DEED|NEW_THIS_WEEK|HAS_ADDRESS,2026-10-01,EXISTING
00249-2026,TAX DEED SALE,TAXDEED,Tax Deed Auction (Sale 11/19/2026),2026-11-19,MORGAN COMBEE RD LAND TRUST 30,,7022.84,3004 MORGAN COMBEE RD LAKELAND,Fl- 33801 &Nbsp;,FL,,170 S WILSON AVE,Bartow,FL,33830,Auction 11/19/2026 | Parcel 242810178711000405 | Assessed n/a,https://polk.realtaxdeed.com/index.cfm?zaction=AUCTION&Zmethod=PREVIEW&AUCTIONDATE=11/19/2026,50,TAX_DEED|NEW_THIS_WEEK|HAS_ADDRESS,2026-10-01,EXISTING
00253-2026,TAX DEED SALE,TAXDEED,Tax Deed Auction (Sale 11/19/2026),2026-11-19,DEADMAN FRED W ESTATE OF,,8327.0,3339 DALE DR LAKELAND,Fl- 33805 &Nbsp;,FL,,1629 PUCKETTS DR SW,Lilburn,FL,30047,Auction 11/19/2026 | Parcel 232736013900003110 | Assessed n/a,https://polk.realtaxdeed.com/index.cfm?zaction=AUCTION&Zmethod=PREVIEW&AUCTIONDATE=11/19/2026,50,TAX_DEED|NEW_THIS_WEEK|HAS_ADDRESS,2026-10-01,EXISTING
00254-2026,TAX DEED SALE,TAXDEED,Tax Deed Auction (Sale 11/19/2026),2026-11-19,NYIRENDA ATUKUZWE,,30492.7,1256 STRATTON DR LAKELAND,Fl- 33813 &Nbsp;,FL,,1256 STRATTON DR,Lakeland,FL,33813,Auction 11/19/2026 | Parcel 242908279470000340 | Assessed n/a,https://polk.realtaxdeed.com/index.cfm?zaction=AUCTION&Zmethod=PREVIEW&AUCTIONDATE=11/19/2026,50,TAX_DEED|NEW_THIS_WEEK|HAS_ADDRESS,2026-10-01,EXISTING
00255-2026,TAX DEED SALE,TAXDEED,Tax Deed Auction (Sale 11/19/2026),2026-11-19,NYIRENDA MARIA ATUKUZWE,,34097.24,5016 HANCOCK LAKE RD LAKELAND,Fl- 33812 &Nbsp;,FL,,6012 CASON WAY,Lakeland,FL,33812,Auction 11/19/2026 | Parcel 242913282022000040 | Assessed n/a,https://polk.realtaxdeed.com/index.cfm?zaction=AUCTION&Zmethod=PREVIEW&AUCTIONDATE=11/19/2026,50,TAX_DEED|NEW_THIS_WEEK|HAS_ADDRESS,2026-10-01,EXISTING
00259-2026,TAX DEED SALE,TAXDEED,Tax Deed Auction (Sale 11/19/2026),2026-11-19,ADI LATCHMI HOLDINGS LLC,,9963.16,428 PALASTRO AVE AUBURNDALE,Fl- 33823 &Nbsp;,FL,,1339 WATER WILLOW DR,Groveland,FL,34736,Auction 11/19/2026 | Parcel 252735305252002640 | Assessed n/a,https://polk.realtaxdeed.com/index.cfm?zaction=AUCTION&Zmethod=PREVIEW&AUCTIONDATE=11/19/2026,50,TAX_DEED|NEW_THIS_WEEK|HAS_ADDRESS,2026-10-01,EXISTING
00260-2026,TAX DEED SALE,TAXDEED,Tax Deed Auction (Sale 11/19/2026),2026-11-19,DGC NIVEL ZERO LLC,,6451.41,434 WATERFERN TRAIL DR AUBURNDALE,Fl- 33823 &Nbsp;,FL,,601 N MAGNOLIA AVE STE 200,Orlando,FL,32801,Auction 11/19/2026 | Parcel 252736305501003040 | Assessed n/a,https://polk.realtaxdeed.com/index.cfm?zaction=AUCTION&Zmethod=PREVIEW&AUCTIONDATE=11/19/2026,50,TAX_DEED|NEW_THIS_WEEK|HAS_ADDRESS,2026-10-01,EXISTING
00261-2026,TAX DEED SALE,TAXDEED,Tax Deed Auction (Sale 11/19/2026),2026-11-19,CHIASSON JON,,12194.23,4090 HWY 60 E MULBERRY,Fl- 33860 &Nbsp;,FL,,PO BOX 6217,Lakeland,FL,33807,Auction 11/19/2026 | Parcel 243008000000033040 | Assessed n/a,https://polk.realtaxdeed.com/index.cfm?zaction=AUCTION&Zmethod=PREVIEW&AUCTIONDATE=11/19/2026,50,TAX_DEED|NEW_THIS_WEEK|HAS_ADDRESS,2026-10-01,EXISTING
00262-2026,TAX DEED SALE,TAXDEED,Tax Deed Auction (Sale 11/19/2026),2026-11-19,JAMI SHAKUR,,10062.52,3295 SOUTH AVE BARTOW,Fl- 33830 &Nbsp;,FL,,2582 GRIFFIN RD,Bartow,FL,33830,Auction 11/19/2026 | Parcel 252914359700000070 | Assessed n/a,https://polk.realtaxdeed.com/index.cfm?zaction=AUCTION&Zmethod=PREVIEW&AUCTIONDATE=11/19/2026,50,TAX_DEED|NEW_THIS_WEEK|HAS_ADDRESS,2026-10-01,EXISTING
00263-2026,TAX DEED SALE,TAXDEED,Tax Deed Auction (Sale 11/19/2026),2026-11-19,MACDONALD KEVIN,,10996.16,737 VALENCIA DR AUBURNDALE,Fl- 33823 &Nbsp;,FL,,737 VALENCIA DR,Auburndale,FL,33823,Auction 11/19/2026 | Parcel 252809321320003070 | Assessed n/a,https://polk.realtaxdeed.com/index.cfm?zaction=AUCTION&Zmethod=PREVIEW&AUCTIONDATE=11/19/2026,50,TAX_DEED|NEW_THIS_WEEK|HAS_ADDRESS,2026-10-01,EXISTING
00264-2026,TAX DEED SALE,TAXDEED,Tax Deed Auction (Sale 11/19/2026),2026-11-19,CHIASSON PROPERTIES LLC,,6634.46,223 HIBISCUS DR AUBURNDALE,Fl- 33823 &Nbsp;,FL,,PO BOX 6217,Lakeland,FL,33807,Auction 11/19/2026 | Parcel 252811337800005132 | Assessed n/a,https://polk.realtaxdeed.com/index.cfm?zaction=AUCTION&Zmethod=PREVIEW&AUCTIONDATE=11/19/2026,50,TAX_DEED|NEW_THIS_WEEK|HAS_ADDRESS,2026-10-01,EXISTING
00265-2026,TAX DEED SALE,TAXDEED,Tax Deed Auction (Sale 11/19/2026),2026-11-19,VIDAL VIRTUAL ENTERPRISES INC,,10641.56,510 RUM RUN DAVENPORT,Fl- 33837 &Nbsp;,FL,,3109 TURRET DR,Kissimmee,FL,34743,Auction 11/19/2026 | Parcel 262512999967332040 | Assessed n/a,https://polk.realtaxdeed.com/index.cfm?zaction=AUCTION&Zmethod=PREVIEW&AUCTIONDATE=11/19/2026,50,TAX_DEED|NEW_THIS_WEEK|HAS_ADDRESS,2026-10-01,EXISTING
00266-2026,TAX DEED SALE,TAXDEED,Tax Deed Auction (Sale 11/19/2026),2026-11-19,SMITH HUNTER,,9834.29,1095 CAREFREE COVE DR WINTER HAVEN,Fl- 33881 &Nbsp;,FL,,1095 CAREFREE COVE DR,Winter Haven,FL,33881,Auction 11/19/2026 | Parcel 262808528800000230 | Assessed n/a,https://polk.realtaxdeed.com/index.cfm?zaction=AUCTION&Zmethod=PREVIEW&AUCTIONDATE=11/19/2026,50,TAX_DEED|NEW_THIS_WEEK|HAS_ADDRESS,2026-10-01,EXISTING
00267-2026,TAX DEED SALE,TAXDEED,Tax Deed Auction (Sale 11/19/2026),2026-11-19,PAULINO ARLENIA,,8614.06,LAKE ALFRED RD WINTER HAVEN,Fl- 33881 &Nbsp;,FL,,1601 W REYNOLDS ST STE 104,Plant City,FL,33563,Auction 11/19/2026 | Parcel 262808529000000040 | Assessed n/a,https://polk.realtaxdeed.com/index.cfm?zaction=AUCTION&Zmethod=PREVIEW&AUCTIONDATE=11/19/2026,50,TAX_DEED|NEW_THIS_WEEK|HAS_ADDRESS,2026-10-01,EXISTING
00268-2026,TAX DEED SALE,TAXDEED,Tax Deed Auction (Sale 11/19/2026),2026-11-19,FANGE HARALD,,11644.24,903 CHARO PKWY 835 DAVENPORT,Fl- 33897 &Nbsp;,FL,,DYRENDALSVN 3 1778 HALDEN,,FL,,Auction 11/19/2026 | Parcel 262513999943008350 | Assessed n/a,https://polk.realtaxdeed.com/index.cfm?zaction=AUCTION&Zmethod=PREVIEW&AUCTIONDATE=11/19/2026,50,TAX_DEED|NEW_THIS_WEEK|HAS_ADDRESS,2026-10-01,EXISTING
00250-2026,TAX DEED SALE,TAXDEED,Tax Deed Auction (Sale 11/19/2026),2026-11-19,CITARELLI LAWRENCE M,,20678.21,806 JOHNSON AVE S LAKELAND,Fl- 33801 &Nbsp;,FL,,806 JOHNSON AVE,Lakeland,FL,33801,Auction 11/19/2026 | Parcel 242819236500001140 | Assessed n/a,https://polk.realtaxdeed.com/index.cfm?zaction=AUCTION&Zmethod=PREVIEW&AUCTIONDATE=11/19/2026,50,TAX_DEED|NEW_THIS_WEEK|HAS_ADDRESS,2026-10-01,EXISTING
